# nearest_grace.tsv -- AUTO-GENERATED by tools/build_nearest_grace.py. DO NOT hand-edit;
# manual fixes go in greenfield/location_descriptions.tsv (layer 1, wins). See
# docs/specs/SPEC-location-descriptions.md.
flag	grace_name
114	Raya Lucaria Grand Library
9502	Prince of Death's Throne
60020	Third Church of Marika
60130	Gatefront
60220	Stranded Graveyard
60240	Warmaster's Shack
60260	Volcano Manor
60400	Beside the Crater-Pocked Glade
60410	Converted Tower
60420	Sorcerer's Isle
60430	Manor Lower Level
60460	Lenne's Rise
62010	Gatefront
62011	Castle Morne Rampart
62012	Mistwood Outskirts
62020	Liurnia Lake Shore
62021	Academy Gate Town
62022	Northern Liurnia Lake Shore
62030	Altus Highway Junction
62031	Outer Wall Phantom Tree
62032	Road of Iniquity
62040	Southern Aeonia Swamp Bank
62041	Dragonbarrow West
62050	Zamor Ruins
62051	Giants' Gravepost
62052	Inner Consecrated Snowfield
62060	Ainsel River Downstream
62061	Lake of Rot Shoreside
62062	Dynasty Mausoleum Entrance
62063	Siofra River Bank
62064	Across the Roots
62080	Scorched Ruins
62081	Highroad Cross
62082	Cerulean Coast Cross
62083	Temple Town Ruins
62084	Church Ruins
65030	Hermit Merchant's Shack
65120	Hermit Merchant's Shack
65140	Fort Haight West
65150	Southern Aeonia Swamp Bank
65200	Giants' Gravepost
65210	Warmaster's Shack
65220	Boilprawn Shack
65230	Main Caria Manor Gate
65240	Church of Pilgrimage
65640	Redmane Castle Plaza
65660	Fortified Manor, First Floor
65680	Schoolhouse Classroom
65720	Night's Sacred Ground
66000	Groveside Cave
66080	Jarburg
66090	Jarburg
66100	Jarburg
66110	Royal Moongazing Grounds
66120	Debate Parlor
66130	Avenue Balcony
66140	Auriza Side Tomb
66150	Auriza Side Tomb
66160	Auriza Side Tomb
66170	Auriza Side Tomb
66190	Rotview Balcony
66410	Debate Parlor
66420	Laskyar Ruins
66430	Jarburg
66440	Jarburg
66470	Auriza Side Tomb
66480	Auriza Side Tomb
66490	Underground Roadside
66700	Volcano Manor
66710	Queen's Bedchamber
66720	Queen's Bedchamber
66730	Craftsman's Shack
66740	Craftsman's Shack
66760	Altus Highway Junction
66770	Shaded Castle Ramparts
66780	Perfumer's Grotto
66790	Aeonia Swamp Shore
66900	Belurat Gaol
66910	Belurat Gaol
66920	Belurat Gaol
66930	Bonny Gaol
66940	Lamenter's Gaol
66950	Scorched Ruins
66960	Bonny Village
66970	Recluses' River Downstream
66980	West Rampart
67020	Fort Haight West
67050	Stormhill Shack
67060	Fallen Ruins of the Lake
67070	Forest-Spanning Greatbridge
67090	Consecrated Snowfield
67120	Volcano Manor
67130	Temple of Eiglay
67200	Murkwater Cave
67250	Seethewater Terminus
67260	Chamber Outside the Plaza
67300	Siofra River Bank
67310	Chamber Outside the Plaza
67400	Academy Gate Town
67410	Liurnia Lake Shore
67420	Debate Parlor
67430	Tombsward Catacombs
67440	Inner Consecrated Snowfield
67450	Laskyar Ruins
67460	Main Caria Manor Gate
67480	Gate Town Bridge
67630	Aqueduct-Facing Cliffs
67640	Minor Erdtree Church
67650	Smoldering Church
67800	Mistwood Outskirts
67840	Craftsman's Shack
67850	Castellan's Hall
67860	Auriza Side Tomb
67870	Smoldering Church
67890	Grand Cloister
67910	Palace Approach Ledge-Road
68000	Wyndham Catacombs
68020	Tempest-Facing Balcony
68030	Cathedral of Dragon Communion
68200	Summonwater Village Outskirts
68400	Frenzied Flame Village Outskirts
68410	Cathedral of the Forsaken
68570	Jagged Peak Mountainside
68580	Cathedral of Manus Metyr
68590	Scorched Ruins
68600	Cathedral of Manus Metyr
68610	Gravesite Plain
68620	Ellac River Cave
68630	Pillar Path Cross
68640	Church of the Bud, Main Entrance
68650	Greatbridge, North
68660	Belurat Gaol
68670	Abyssal Woods
68680	Ravine North
68690	Scadu Altus, West
68700	Ruined Forge Lava Intake
68710	Cerulean Coast
68720	Foot of the Jagged Peak
68730	Greatbridge, North
68740	Fog Rift Catacombs
68750	Divided Falls
68760	Cerulean Coast Cross
68770	Moorth Ruins
68780	Scorpion River Catacombs
68790	Castle Ensis Checkpoint
68800	Church District Entrance
68810	Grand Altar of Dragon Communion
68820	Behind the Fort of Reprimand
68840	Garden of Deep Purple
68850	Grand Altar of Dragon Communion
68880	Manse Hall
68890	Ancient Ruins Base
68900	Castle Front
68920	Grand Altar of Dragon Communion
68930	West Rampart
68940	Cerulean Coast West
68950	The Fissure
69740	Frenzied Flame Proscription
69760	Frenzied Flame Village Outskirts
580300	Seaside Ruins
580310	Manor Upper Level
580320	Rampartside Path
580330	Ancient Snow Valley Ruins
580340	Church of Pilgrimage
580350	Windmill Heights
580360	Fort Faroth
580400	Greatbridge, North
580410	Scadu Altus, West
580420	Jagged Peak Mountainside
580600	Scaduview Cross
590200	Murkwater Cave
11007000	East Capital Rampart
11007005	Fortified Manor, First Floor
11007010	East Capital Rampart
11007015	Erdtree Sanctuary
11007020	Avenue Balcony
11007025	Erdtree Sanctuary
11007030	East Capital Rampart
11007035	Lower Capital Church
11007040	East Capital Rampart
11007045	Lower Capital Church
11007050	Queen's Bedchamber
11007055	Fortified Manor, First Floor
11007060	Avenue Balcony
11007065	Fortified Manor, First Floor
11007070	Lower Capital Church
11007075	Fortified Manor, First Floor
11007080	Queen's Bedchamber
11007085	Avenue Balcony
11007090	Queen's Bedchamber
11007095	Avenue Balcony
11007100	Avenue Balcony
11007105	Fortified Manor, First Floor
11007110	Avenue Balcony
11007115	Erdtree Sanctuary
11007120	Avenue Balcony
11007125	Fortified Manor, First Floor
11007135	West Capital Rampart
11007140	Avenue Balcony
11007145	Fortified Manor, First Floor
11007150	Avenue Balcony
11007155	East Capital Rampart
11007160	Avenue Balcony
11007165	Queen's Bedchamber
11007170	Lower Capital Church
11007175	West Capital Rampart
11007180	Avenue Balcony
11007190	Avenue Balcony
11007200	Queen's Bedchamber
11007205	West Capital Rampart
11007210	Queen's Bedchamber
11007215	East Capital Rampart
11007220	Avenue Balcony
11007225	Lower Capital Church
11007230	West Capital Rampart
11007235	West Capital Rampart
11007240	West Capital Rampart
11007245	Leyndell, Capital of Ash
11007250	West Capital Rampart
11007260	West Capital Rampart
11007270	West Capital Rampart
11007280	Avenue Balcony
11007290	Avenue Balcony
11007300	East Capital Rampart
11007310	Avenue Balcony
11007320	East Capital Rampart
11007330	East Capital Rampart
11007340	Avenue Balcony
11007350	Avenue Balcony
11007360	Avenue Balcony
11007370	Avenue Balcony
11007380	East Capital Rampart
11007390	East Capital Rampart
11007400	East Capital Rampart
11007410	East Capital Rampart
11007420	East Capital Rampart
11007430	East Capital Rampart
11007440	East Capital Rampart
11007450	East Capital Rampart
11007460	East Capital Rampart
11007480	Avenue Balcony
11007490	Avenue Balcony
11007500	Avenue Balcony
11007510	Avenue Balcony
11007520	Avenue Balcony
11007530	Avenue Balcony
11007540	Avenue Balcony
11007550	Avenue Balcony
11007570	Lower Capital Church
11007580	Avenue Balcony
11007590	Lower Capital Church
11007600	Lower Capital Church
11007610	Lower Capital Church
11007620	Avenue Balcony
11007630	Lower Capital Church
11007640	Avenue Balcony
11007650	Lower Capital Church
11007660	Avenue Balcony
11007670	Avenue Balcony
11007680	Avenue Balcony
11007690	Fortified Manor, First Floor
11007700	Fortified Manor, First Floor
11007710	West Capital Rampart
11007720	Fortified Manor, First Floor
11007730	Lower Capital Church
11007740	Fortified Manor, First Floor
11007750	Lower Capital Church
11007760	Fortified Manor, First Floor
11007770	Lower Capital Church
11007780	Fortified Manor, First Floor
11007790	Fortified Manor, First Floor
11007800	Fortified Manor, First Floor
11007810	Lower Capital Church
11007820	Erdtree Sanctuary
11007830	Leyndell, Capital of Ash
11007840	Leyndell, Capital of Ash
11007850	Divine Bridge
11007860	Erdtree Sanctuary
11007870	Divine Bridge
11007880	Erdtree Sanctuary
11007890	Erdtree Sanctuary
11007900	Erdtree Sanctuary
11007910	Erdtree Sanctuary
11007920	Erdtree Sanctuary
11007930	Erdtree Sanctuary
11007940	Erdtree Sanctuary
11007950	Leyndell, Capital of Ash
11007960	Fortified Manor, First Floor
11007970	Fortified Manor, First Floor
11007980	Avenue Balcony
11007990	Erdtree Sanctuary
11007991	Queen's Bedchamber
11007994	Divine Bridge
11007996	Divine Bridge
11007997	West Capital Rampart
11057000	Queen's Bedchamber
11057010	Divine Bridge
11057020	Leyndell, Capital of Ash
11057030	Leyndell, Capital of Ash
11057040	Leyndell, Capital of Ash
11057050	Erdtree Sanctuary
11057100	Queen's Bedchamber
11107000	Table of Lost Grace
11107700	Table of Lost Grace
11107710	Table of Lost Grace
12017030	Grand Cloister
12017040	Ainsel River Sluice Gate
12017050	Ainsel River Sluice Gate
12017060	Ainsel River Sluice Gate
12017070	Ainsel River Well Depths
12017080	Ainsel River Sluice Gate
12017090	Lake of Rot Shoreside
12017100	Nokstella Waterfall Basin
12017110	Lake of Rot Shoreside
12017120	Lake of Rot Shoreside
12017130	Lake of Rot Shoreside
12017140	Grand Cloister
12017150	Ainsel River Sluice Gate
12017160	Ainsel River Sluice Gate
12017170	Ainsel River Well Depths
12017180	Ainsel River Downstream
12017190	Ainsel River Well Depths
12017200	Ainsel River Sluice Gate
12017210	Ainsel River Sluice Gate
12017220	Ainsel River Downstream
12017230	Ainsel River Downstream
12017240	Ainsel River Downstream
12017250	Ainsel River Downstream
12017260	Ainsel River Downstream
12017270	Ainsel River Sluice Gate
12017280	Ainsel River Downstream
12017290	Ainsel River Downstream
12017300	Ainsel River Downstream
12017310	Ainsel River Downstream
12017320	Ainsel River Downstream
12017330	Ainsel River Downstream
12017340	Ainsel River Downstream
12017350	Ainsel River Sluice Gate
12017360	Ainsel River Well Depths
12017370	Lake of Rot Shoreside
12017380	Lake of Rot Shoreside
12017390	Ainsel River Sluice Gate
12017400	Ainsel River Downstream
12017410	Ainsel River Downstream
12017420	Ainsel River Downstream
12017430	Ainsel River Downstream
12017440	Ainsel River Downstream
12017450	Lake of Rot Shoreside
12017460	Grand Cloister
12017470	Grand Cloister
12017480	Lake of Rot Shoreside
12017490	Lake of Rot Shoreside
12017500	Ainsel River Main
12017510	Ainsel River Main
12017520	Nokstella, Eternal City
12017530	Ainsel River Main
12017540	Nokstella, Eternal City
12017550	Nokstella, Eternal City
12017560	Nokstella, Eternal City
12017570	Ainsel River Downstream
12017580	Ainsel River Main
12017590	Ainsel River Main
12017600	Dragonkin Soldier of Nokstella
12017610	Nokstella, Eternal City
12017620	Nokstella, Eternal City
12017630	Nokstella, Eternal City
12017640	Dragonkin Soldier of Nokstella
12017650	Dragonkin Soldier of Nokstella
12017660	Nokstella, Eternal City
12017670	Dragonkin Soldier of Nokstella
12017680	Dragonkin Soldier of Nokstella
12017690	Dragonkin Soldier of Nokstella
12017700	Dragonkin Soldier of Nokstella
12017710	Ainsel River Well Depths
12017720	Nokstella Waterfall Basin
12017730	Nokstella, Eternal City
12017740	Nokstella, Eternal City
12017750	Dragonkin Soldier of Nokstella
12017760	Dragonkin Soldier of Nokstella
12017770	Dragonkin Soldier of Nokstella
12017780	Dragonkin Soldier of Nokstella
12017790	Nokstella Waterfall Basin
12017800	Nokstella Waterfall Basin
12017810	Nokstella Waterfall Basin
12017820	Grand Cloister
12017830	Grand Cloister
12017840	Grand Cloister
12017850	Grand Cloister
12017860	Grand Cloister
12017870	Grand Cloister
12017880	Lake of Rot Shoreside
12017890	Lake of Rot Shoreside
12017900	Ainsel River Downstream
12017910	Dragonkin Soldier of Nokstella
12017920	Grand Cloister
12017940	Dragonkin Soldier of Nokstella
12017950	Dragonkin Soldier of Nokstella
12017960	Nokstella Waterfall Basin
12017970	Nokstella, Eternal City
12017980	Nokstella, Eternal City
12017990	Dragonkin Soldier of Nokstella
12027000	Worshippers' Woods
12027030	Siofra River Bank
12027040	Below the Well
12027050	Aqueduct-Facing Cliffs
12027070	Worshippers' Woods
12027080	Ancestral Woods
12027090	Aqueduct-Facing Cliffs
12027100	Siofra River Bank
12027110	Siofra River Bank
12027120	Siofra River Bank
12027140	Siofra River Bank
12027150	Siofra River Bank
12027160	Siofra River Bank
12027170	Worshippers' Woods
12027180	Worshippers' Woods
12027190	Worshippers' Woods
12027200	Worshippers' Woods
12027210	Worshippers' Woods
12027220	Worshippers' Woods
12027230	Worshippers' Woods
12027240	Worshippers' Woods
12027250	Siofra River Bank
12027260	Siofra River Bank
12027270	Worshippers' Woods
12027280	Siofra River Bank
12027290	Siofra River Bank
12027300	Worshippers' Woods
12027310	Worshippers' Woods
12027320	Siofra River Bank
12027330	Worshippers' Woods
12027340	Worshippers' Woods
12027350	Worshippers' Woods
12027360	Worshippers' Woods
12027370	Siofra River Bank
12027380	Worshippers' Woods
12027390	Worshippers' Woods
12027400	Worshippers' Woods
12027410	Worshippers' Woods
12027420	Siofra River Bank
12027430	Below the Well
12027440	Below the Well
12027450	Below the Well
12027460	Great Waterfall Basin
12027470	Below the Well
12027480	Siofra River Bank
12027490	Worshippers' Woods
12027500	Mimic Tear
12027510	Ancestral Woods
12027520	Ancestral Woods
12027530	Ancestral Woods
12027540	Ancestral Woods
12027550	Ancestral Woods
12027560	Ancestral Woods
12027570	Ancestral Woods
12027580	Ancestral Woods
12027590	Ancestral Woods
12027600	Ancestral Woods
12027610	Ancestral Woods
12027620	Aqueduct-Facing Cliffs
12027630	Aqueduct-Facing Cliffs
12027640	Aqueduct-Facing Cliffs
12027650	Ancestral Woods
12027660	Ancestral Woods
12027670	Ancestral Woods
12027680	Ancestral Woods
12027690	Aqueduct-Facing Cliffs
12027710	Ancestral Woods
12027720	Ancestral Woods
12027730	Worshippers' Woods
12027740	Worshippers' Woods
12027750	Aqueduct-Facing Cliffs
12027760	Aqueduct-Facing Cliffs
12027770	Aqueduct-Facing Cliffs
12027780	Aqueduct-Facing Cliffs
12027790	Aqueduct-Facing Cliffs
12027800	Aqueduct-Facing Cliffs
12027810	Great Waterfall Basin
12027820	Great Waterfall Basin
12027830	Great Waterfall Basin
12027850	Ancestral Woods
12027860	Ancestral Woods
12027870	Ancestral Woods
12027880	Night's Sacred Ground
12027890	Ancestral Woods
12027900	Night's Sacred Ground
12027910	Night's Sacred Ground
12027920	Night's Sacred Ground
12027930	Night's Sacred Ground
12027940	Night's Sacred Ground
12027950	Worshippers' Woods
12027960	Siofra River Bank
12027970	Worshippers' Woods
12027980	Ancestral Woods
12027990	Aqueduct-Facing Cliffs
12037010	The Nameless Eternal City
12037020	Root-Facing Cliffs
12037030	Great Waterfall Crest
12037040	Great Waterfall Crest
12037050	Great Waterfall Crest
12037060	Great Waterfall Crest
12037070	Great Waterfall Crest
12037080	Great Waterfall Crest
12037090	Deeproot Depths
12037100	Deeproot Depths
12037110	Deeproot Depths
12037120	Deeproot Depths
12037130	Deeproot Depths
12037140	Across the Roots
12037150	Deeproot Depths
12037160	The Nameless Eternal City
12037170	The Nameless Eternal City
12037180	The Nameless Eternal City
12037190	The Nameless Eternal City
12037200	Across the Roots
12037210	Across the Roots
12037220	Across the Roots
12037230	The Nameless Eternal City
12037240	The Nameless Eternal City
12037250	The Nameless Eternal City
12037260	The Nameless Eternal City
12037270	The Nameless Eternal City
12037280	The Nameless Eternal City
12037290	The Nameless Eternal City
12037300	The Nameless Eternal City
12037310	Root-Facing Cliffs
12037320	Root-Facing Cliffs
12037330	Across the Roots
12037340	Across the Roots
12037350	Across the Roots
12037360	Across the Roots
12037370	The Nameless Eternal City
12037380	The Nameless Eternal City
12037390	The Nameless Eternal City
12037400	The Nameless Eternal City
12037410	The Nameless Eternal City
12037420	The Nameless Eternal City
12037430	The Nameless Eternal City
12037440	The Nameless Eternal City
12037450	The Nameless Eternal City
12037460	The Nameless Eternal City
12037470	The Nameless Eternal City
12037480	The Nameless Eternal City
12037490	The Nameless Eternal City
12037500	Across the Roots
12037510	Across the Roots
12037520	Prince of Death's Throne
12037530	The Nameless Eternal City
12037540	The Nameless Eternal City
12037550	Great Waterfall Crest
12057010	Dynasty Mausoleum Midpoint
12057020	Palace Approach Ledge-Road
12057030	Palace Approach Ledge-Road
12057040	Palace Approach Ledge-Road
12057060	Palace Approach Ledge-Road
12057070	Dynasty Mausoleum Entrance
12057080	Dynasty Mausoleum Entrance
12057090	Dynasty Mausoleum Entrance
12057100	Palace Approach Ledge-Road
12057110	Dynasty Mausoleum Entrance
12057120	Dynasty Mausoleum Entrance
12057130	Dynasty Mausoleum Entrance
12057140	Dynasty Mausoleum Entrance
12057150	Dynasty Mausoleum Entrance
12057160	Dynasty Mausoleum Entrance
12057170	Dynasty Mausoleum Entrance
12057180	Dynasty Mausoleum Entrance
12057190	Dynasty Mausoleum Entrance
12057210	Dynasty Mausoleum Entrance
12057290	Palace Approach Ledge-Road
12057300	Dynasty Mausoleum Entrance
12057310	Dynasty Mausoleum Entrance
12057320	Dynasty Mausoleum Entrance
12057330	Dynasty Mausoleum Entrance
12057340	Dynasty Mausoleum Entrance
12057350	Dynasty Mausoleum Entrance
12057360	Palace Approach Ledge-Road
12057370	Dynasty Mausoleum Midpoint
12057590	Dynasty Mausoleum Midpoint
12057600	Dynasty Mausoleum Midpoint
12057610	Dynasty Mausoleum Midpoint
12057620	Dynasty Mausoleum Midpoint
12057630	Dynasty Mausoleum Midpoint
12057640	Cocoon of the Empyrean
12057650	Dynasty Mausoleum Entrance
12057670	Dynasty Mausoleum Midpoint
12057680	Palace Approach Ledge-Road
12057690	Dynasty Mausoleum Midpoint
12057700	Dynasty Mausoleum Entrance
12057900	Dynasty Mausoleum Midpoint
12077000	Siofra River Well Depths
12077010	Siofra River Well Depths
12077020	Siofra River Well Depths
12077030	Siofra River Well Depths
12077040	Siofra River Well Depths
12077050	Siofra River Well Depths
12077060	Siofra River Well Depths
12077070	Siofra River Well Depths
12077080	Siofra River Well Depths
12077090	Siofra River Well Depths
12077100	Siofra River Well Depths
12077110	Siofra River Well Depths
12077120	Siofra River Well Depths
12077130	Siofra River Well Depths
12077140	Siofra River Well Depths
12077150	Siofra River Well Depths
12077160	Siofra River Well Depths
12077170	Siofra River Well Depths
12077180	Siofra River Well Depths
12077300	Nokron, Eternal City
12077310	Nokron, Eternal City
12077320	Nokron, Eternal City
12077330	Nokron, Eternal City
12077340	Nokron, Eternal City
12077350	Nokron, Eternal City
12077360	Nokron, Eternal City
12077370	Nokron, Eternal City
12077380	Nokron, Eternal City
12077390	Nokron, Eternal City
12077400	Nokron, Eternal City
12077410	Nokron, Eternal City
12077420	Nokron, Eternal City
12077430	Nokron, Eternal City
12077440	Nokron, Eternal City
12077450	Nokron, Eternal City
12077460	Nokron, Eternal City
12077470	Nokron, Eternal City
12077480	Nokron, Eternal City
12077490	Nokron, Eternal City
12077500	Nokron, Eternal City
13007000	Crumbling Beast Grave
13007005	Maliketh, the Black Blade
13007010	Crumbling Beast Grave
13007015	Dragon Temple Altar
13007020	Crumbling Beast Grave
13007025	Dragon Temple
13007030	Crumbling Beast Grave
13007035	Tempest-Facing Balcony
13007040	Crumbling Beast Grave
13007050	Crumbling Beast Grave
13007060	Crumbling Beast Grave Depths
13007070	Tempest-Facing Balcony
13007080	Crumbling Beast Grave Depths
13007090	Crumbling Beast Grave Depths
13007100	Crumbling Beast Grave Depths
13007110	Tempest-Facing Balcony
13007120	Tempest-Facing Balcony
13007130	Crumbling Beast Grave Depths
13007140	Tempest-Facing Balcony
13007150	Tempest-Facing Balcony
13007160	Tempest-Facing Balcony
13007170	Crumbling Beast Grave Depths
13007180	Crumbling Beast Grave Depths
13007190	Crumbling Beast Grave Depths
13007200	Crumbling Beast Grave Depths
13007210	Crumbling Beast Grave Depths
13007220	Crumbling Beast Grave Depths
13007230	Crumbling Beast Grave Depths
13007240	Crumbling Beast Grave
13007250	Tempest-Facing Balcony
13007260	Tempest-Facing Balcony
13007270	Dragon Temple
13007280	Dragon Temple
13007290	Dragon Temple
13007300	Dragon Temple
13007310	Dragon Temple
13007320	Dragon Temple
13007330	Dragon Temple
13007340	Dragon Temple
13007350	Dragon Temple Altar
13007360	Dragon Temple Altar
13007370	Dragon Temple
13007380	Dragon Temple
13007390	Dragon Temple
13007400	Dragon Temple Transept
13007410	Dragon Temple Altar
13007420	Dragon Temple Lift
13007430	Dragon Temple Lift
13007440	Dragon Temple Lift
13007450	Dragon Temple Lift
13007460	Dragon Temple Lift
13007470	Dragon Temple Lift
13007480	Dragon Temple Lift
13007490	Beside the Great Bridge
13007500	Beside the Great Bridge
13007510	Dragon Temple Rooftop
13007520	Dragon Temple Rooftop
13007530	Dragon Temple Lift
13007540	Dragon Temple Lift
13007550	Dragon Temple Altar
13007560	Dragon Temple Altar
13007570	Dragon Temple Altar
13007580	Dragon Temple Altar
13007590	Dragon Temple
13007600	Dragon Temple
13007610	Dragon Temple Transept
13007620	Dragon Temple
13007630	Dragon Temple
13007640	Tempest-Facing Balcony
13007660	Tempest-Facing Balcony
13007670	Dragon Temple Rooftop
13007680	Dragon Temple Rooftop
13007690	Dragon Temple Rooftop
13007700	Dragon Temple Rooftop
13007710	Beside the Great Bridge
13007720	Beside the Great Bridge
13007730	Beside the Great Bridge
13007740	Dragon Temple Rooftop
13007750	Beside the Great Bridge
13007760	Dragon Temple Rooftop
13007770	Beside the Great Bridge
13007780	Beside the Great Bridge
13007790	Beside the Great Bridge
13007800	Dragon Temple Altar
13007810	Dragon Temple Transept
13007820	Dragon Temple Rooftop
13007830	Dragon Temple Lift
13007850	Crumbling Beast Grave Depths
13007860	Tempest-Facing Balcony
13007870	Dragon Temple
13007880	Tempest-Facing Balcony
13007890	Dragon Temple Transept
13007900	Maliketh, the Black Blade
13007910	Crumbling Beast Grave Depths
13007920	Dragon Temple Rooftop
13007930	Beside the Great Bridge
13007940	Dragon Temple Rooftop
13007950	Dragon Temple Rooftop
13007980	Beside the Great Bridge
13007990	Dragon Temple Altar
14007000	Church of the Cuckoo
14007015	Schoolhouse Classroom
14007020	Church of the Cuckoo
14007030	Church of the Cuckoo
14007040	Church of the Cuckoo
14007070	Church of the Cuckoo
14007090	Church of the Cuckoo
14007120	Church of the Cuckoo
14007150	Church of the Cuckoo
14007160	Church of the Cuckoo
14007190	Schoolhouse Classroom
14007200	Church of the Cuckoo
14007220	Schoolhouse Classroom
14007250	Schoolhouse Classroom
14007280	Church of the Cuckoo
14007290	Church of the Cuckoo
14007300	Church of the Cuckoo
14007320	Schoolhouse Classroom
14007330	Schoolhouse Classroom
14007350	Schoolhouse Classroom
14007360	Debate Parlor
14007370	Debate Parlor
14007380	Schoolhouse Classroom
14007390	Schoolhouse Classroom
14007410	Debate Parlor
14007420	Schoolhouse Classroom
14007430	Schoolhouse Classroom
14007440	Raya Lucaria Grand Library
14007450	Raya Lucaria Grand Library
14007460	Debate Parlor
14007470	Schoolhouse Classroom
14007480	Schoolhouse Classroom
14007490	Schoolhouse Classroom
14007510	Schoolhouse Classroom
14007520	Schoolhouse Classroom
14007530	Schoolhouse Classroom
14007540	Schoolhouse Classroom
14007560	Raya Lucaria Grand Library
14007600	Schoolhouse Classroom
14007620	Schoolhouse Classroom
14007630	Church of the Cuckoo
14007660	Church of the Cuckoo
14007670	Church of the Cuckoo
14007710	Church of the Cuckoo
14007720	Church of the Cuckoo
14007740	Church of the Cuckoo
14007750	Church of the Cuckoo
14007760	Church of the Cuckoo
14007770	Church of the Cuckoo
14007840	Church of the Cuckoo
14007850	Church of the Cuckoo
14007860	Schoolhouse Classroom
14007870	Church of the Cuckoo
14007880	Schoolhouse Classroom
14007890	Debate Parlor
14007910	Raya Lucaria Grand Library
14007920	Raya Lucaria Grand Library
14007930	Church of the Cuckoo
14007940	Debate Parlor
14007970	Church of the Cuckoo
14007990	Schoolhouse Classroom
15007000	Haligtree Canopy
15007010	Haligtree Canopy
15007020	Haligtree Canopy
15007030	Haligtree Canopy
15007040	Haligtree Canopy
15007050	Haligtree Canopy
15007060	Haligtree Canopy
15007070	Haligtree Canopy
15007080	Haligtree Canopy
15007090	Haligtree Canopy
15007100	Haligtree Canopy
15007110	Haligtree Canopy
15007120	Haligtree Town
15007130	Haligtree Town
15007140	Haligtree Town
15007150	Haligtree Town
15007160	Haligtree Town
15007170	Haligtree Town
15007180	Haligtree Town
15007190	Haligtree Town
15007200	Haligtree Town
15007210	Haligtree Town Plaza
15007220	Haligtree Town
15007230	Haligtree Town Plaza
15007240	Haligtree Town Plaza
15007250	Haligtree Town Plaza
15007260	Haligtree Town Plaza
15007270	Haligtree Town Plaza
15007280	Haligtree Town Plaza
15007290	Haligtree Town Plaza
15007300	Haligtree Town Plaza
15007310	Haligtree Town Plaza
15007320	Haligtree Town Plaza
15007330	Haligtree Town Plaza
15007340	Haligtree Town Plaza
15007350	Haligtree Town Plaza
15007360	Haligtree Town
15007370	Haligtree Town
15007380	Haligtree Town
15007390	Haligtree Town
15007400	Haligtree Town
15007410	Haligtree Town
15007420	Haligtree Town
15007430	Haligtree Town
15007440	Haligtree Town
15007460	Haligtree Promenade
15007470	Haligtree Promenade
15007480	Haligtree Promenade
15007490	Drainage Channel
15007500	Prayer Room
15007510	Prayer Room
15007520	Prayer Room
15007530	Prayer Room
15007540	Drainage Channel
15007550	Drainage Channel
15007560	Prayer Room
15007570	Drainage Channel
15007580	Drainage Channel
15007590	Elphael Inner Wall
15007600	Drainage Channel
15007610	Prayer Room
15007620	Drainage Channel
15007630	Drainage Channel
15007640	Drainage Channel
15007650	Elphael Inner Wall
15007660	Elphael Inner Wall
15007670	Elphael Inner Wall
15007680	Elphael Inner Wall
15007690	Elphael Inner Wall
15007700	Elphael Inner Wall
15007710	Elphael Inner Wall
15007720	Elphael Inner Wall
15007730	Elphael Inner Wall
15007740	Drainage Channel
15007750	Drainage Channel
15007760	Drainage Channel
15007770	Drainage Channel
15007780	Drainage Channel
15007790	Drainage Channel
15007800	Prayer Room
15007810	Drainage Channel
15007820	Elphael Inner Wall
15007830	Elphael Inner Wall
15007840	Elphael Inner Wall
15007850	Elphael Inner Wall
15007860	Elphael Inner Wall
15007870	Elphael Inner Wall
15007880	Elphael Inner Wall
15007890	Prayer Room
15007900	Drainage Channel
15007910	Haligtree Roots
15007920	Haligtree Roots
15007930	Haligtree Roots
15007940	Haligtree Roots
15007950	Drainage Channel
15007960	Drainage Channel
15007970	Haligtree Roots
15007980	Haligtree Roots
15007990	Malenia, Goddess of Rot
16007000	Volcano Manor
16007010	Volcano Manor
16007020	Volcano Manor
16007030	Volcano Manor
16007040	Prison Town Church
16007050	Prison Town Church
16007060	Prison Town Church
16007070	Guest Hall
16007080	Prison Town Church
16007100	Prison Town Church
16007120	Prison Town Church
16007130	Prison Town Church
16007140	Prison Town Church
16007150	Prison Town Church
16007160	Prison Town Church
16007170	Guest Hall
16007190	Guest Hall
16007200	Guest Hall
16007210	Guest Hall
16007220	Guest Hall
16007230	Guest Hall
16007240	Guest Hall
16007250	Guest Hall
16007270	Temple of Eiglay
16007280	Temple of Eiglay
16007290	Temple of Eiglay
16007310	Temple of Eiglay
16007320	Temple of Eiglay
16007330	Guest Hall
16007350	Prison Town Church
16007360	Prison Town Church
16007380	Prison Town Church
16007390	Temple of Eiglay
16007400	Temple of Eiglay
16007410	Temple of Eiglay
16007420	Guest Hall
16007430	Guest Hall
16007440	Temple of Eiglay
16007480	Temple of Eiglay
16007490	Temple of Eiglay
16007500	Prison Town Church
16007510	Volcano Manor
16007520	Volcano Manor
16007530	Volcano Manor
16007540	Guest Hall
16007550	Subterranean Inquisition Chamber
16007560	Subterranean Inquisition Chamber
16007610	Prison Town Church
16007620	Prison Town Church
16007700	Prison Town Church
16007710	Temple of Eiglay
16007730	Rykard, Lord of Blasphemy
18007000	Cave of Knowledge
18007010	Cave of Knowledge
18007020	Cave of Knowledge
18007030	Cave of Knowledge
18007040	Cave of Knowledge
18007050	Cave of Knowledge
18007060	Cave of Knowledge
18007070	Cave of Knowledge
20007000	Small Private Altar
20007010	Small Private Altar
20007020	Belurat, Tower Settlement
20007030	Belurat, Tower Settlement
20007040	Belurat, Tower Settlement
20007050	Belurat, Tower Settlement
20007060	Belurat, Tower Settlement
20007070	Small Private Altar
20007080	Small Private Altar
20007090	Small Private Altar
20007100	Small Private Altar
20007110	Small Private Altar
20007120	Small Private Altar
20007130	Small Private Altar
20007140	Small Private Altar
20007150	Small Private Altar
20007160	Small Private Altar
20007170	Small Private Altar
20007180	Small Private Altar
20007190	Small Private Altar
20007200	Belurat, Tower Settlement
20007210	Belurat, Tower Settlement
20007220	Belurat, Tower Settlement
20007230	Belurat, Tower Settlement
20007240	Belurat, Tower Settlement
20007250	Belurat, Tower Settlement
20007260	Small Private Altar
20007270	Belurat, Tower Settlement
20007280	Belurat, Tower Settlement
20007290	Belurat, Tower Settlement
20007300	Belurat, Tower Settlement
20007310	Belurat, Tower Settlement
20007320	Belurat, Tower Settlement
20007330	Belurat, Tower Settlement
20007340	Belurat, Tower Settlement
20007350	Belurat, Tower Settlement
20007360	Belurat, Tower Settlement
20007370	Belurat, Tower Settlement
20007380	Small Private Altar
20007390	Belurat, Tower Settlement
20007400	Small Private Altar
20007410	Small Private Altar
20007420	Small Private Altar
20007430	Small Private Altar
20007440	Small Private Altar
20007450	Small Private Altar
20007460	Belurat, Tower Settlement
20007470	Belurat, Tower Settlement
20007480	Belurat, Tower Settlement
20007490	Belurat, Tower Settlement
20007500	Belurat, Tower Settlement
20007510	Small Private Altar
20007520	Belurat, Tower Settlement
20007530	Small Private Altar
20007540	Small Private Altar
20007550	Small Private Altar
20007560	Small Private Altar
20007570	Small Private Altar
20007580	Small Private Altar
20007590	Small Private Altar
20007600	Stagefront
20007610	Stagefront
20007620	Stagefront
20007630	Stagefront
20007640	Belurat, Tower Settlement
20007650	Stagefront
20007660	Stagefront
20007670	Belurat, Tower Settlement
20007680	Stagefront
20007690	Stagefront
20007700	Stagefront
20007710	Stagefront
20007730	Small Private Altar
20007740	Stagefront
20007750	Stagefront
20007760	Stagefront
20007770	Stagefront
20007780	Stagefront
20007790	Stagefront
20007800	Theatre of the Divine Beast
20007810	Theatre of the Divine Beast
20007820	Stagefront
20007830	Theatre of the Divine Beast
20017000	Enir-Ilim: Outer Wall
20017010	Enir-Ilim: Outer Wall
20017020	First Rise
20017030	First Rise
20017040	First Rise
20017050	First Rise
20017060	First Rise
20017070	First Rise
20017080	First Rise
20017090	First Rise
20017100	First Rise
20017110	First Rise
20017120	First Rise
20017130	First Rise
20017140	First Rise
20017150	First Rise
20017160	First Rise
20017170	First Rise
20017180	First Rise
20017190	First Rise
20017200	First Rise
20017210	First Rise
20017220	First Rise
20017230	First Rise
20017240	First Rise
20017250	First Rise
20017260	First Rise
20017270	First Rise
20017280	First Rise
20017290	First Rise
20017300	First Rise
20017310	Spiral Rise
20017320	Spiral Rise
20017330	Spiral Rise
20017340	Spiral Rise
20017350	Spiral Rise
20017360	Spiral Rise
20017370	Spiral Rise
20017380	Spiral Rise
20017390	Spiral Rise
20017400	Spiral Rise
20017410	Spiral Rise
20017420	Spiral Rise
20017430	Spiral Rise
20017440	Spiral Rise
20017450	Spiral Rise
20017460	Spiral Rise
20017470	Spiral Rise
20017480	Spiral Rise
20017490	Spiral Rise
20017500	Spiral Rise
20017510	Spiral Rise
20017520	Spiral Rise
20017530	Cleansing Chamber Anteroom
20017540	Cleansing Chamber Anteroom
20017550	Cleansing Chamber Anteroom
20017560	First Rise
20017570	First Rise
20017580	First Rise
20017590	First Rise
20017600	First Rise
20017610	First Rise
20017620	First Rise
20017630	First Rise
20017640	First Rise
20017650	First Rise
20017660	First Rise
21007000	Main Gate Plaza
21007010	Main Gate Plaza
21007020	Main Gate Plaza
21007030	Main Gate Plaza
21007040	Main Gate Plaza
21007050	Main Gate Plaza
21007060	Main Gate Plaza
21007070	Main Gate Plaza
21007080	Main Gate Plaza
21007090	Main Gate Plaza
21007100	Main Gate Plaza
21007110	Main Gate Plaza
21007120	Main Gate Plaza
21007130	Main Gate Plaza
21007140	Main Gate Plaza
21007160	Main Gate Plaza
21007170	Main Gate Plaza
21007180	Main Gate Plaza
21007190	Main Gate Plaza
21007200	Main Gate Plaza
21007210	Main Gate Plaza
21007220	Main Gate Plaza
21007230	Main Gate Plaza
21007240	Main Gate Plaza
21007250	Main Gate Plaza
21007260	Main Gate Plaza
21007270	Main Gate Plaza
21007280	Main Gate Plaza
21007290	Main Gate Plaza
21007300	Church District Entrance
21007310	Church District Entrance
21007320	Sunken Chapel
21007330	Church District Entrance
21007340	Church District Entrance
21007350	Sunken Chapel
21007360	Sunken Chapel
21007370	Sunken Chapel
21007380	Sunken Chapel
21007390	Sunken Chapel
21007400	Sunken Chapel
21007410	Sunken Chapel
21007420	Church District Entrance
21007430	Sunken Chapel
21007440	Sunken Chapel
21007450	Sunken Chapel
21007460	Sunken Chapel
21007470	Sunken Chapel
21007480	Sunken Chapel
21007490	Sunken Chapel
21007500	Sunken Chapel
21007510	Sunken Chapel
21007520	Sunken Chapel
21007530	Sunken Chapel
21007540	Sunken Chapel
21007550	Sunken Chapel
21007560	Sunken Chapel
21007570	Sunken Chapel
21007580	Sunken Chapel
21007590	Sunken Chapel
21007600	Church District Entrance
21007610	Church District Entrance
21007620	Church District Entrance
21007630	Church District Entrance
21007640	Sunken Chapel
21007650	Sunken Chapel
21007670	Church District Entrance
21007680	Church District Entrance
21007690	Church District Entrance
21007700	Church District Entrance
21007710	Church District Entrance
21007720	Church District Entrance
21007730	Church District Entrance
21007740	Church District Entrance
21007750	Church District Entrance
21007760	Church District Entrance
21007770	Church District Entrance
21007780	Church District Entrance
21007790	Church District Entrance
21007800	Tree-Worship Sanctum
21007810	Tree-Worship Sanctum
21007820	Tree-Worship Sanctum
21007830	Tree-Worship Sanctum
21007840	Tree-Worship Sanctum
21007850	Tree-Worship Sanctum
21007860	Tree-Worship Sanctum
21007870	Tree-Worship Sanctum
21007880	Tree-Worship Sanctum
21007890	Tree-Worship Sanctum
21017000	Storehouse, Back Section
21017010	Storehouse, First Floor
21017020	Storehouse, Back Section
21017030	Storehouse, Back Section
21017040	Storehouse, Back Section
21017050	Storehouse, Back Section
21017060	Storehouse, First Floor
21017070	Storehouse, Seventh Floor
21017080	Storehouse, Back Section
21017090	Storehouse, Back Section
21017100	Storehouse, Back Section
21017110	Storehouse, Fourth Floor
21017120	Storehouse, Seventh Floor
21017130	Storehouse, Back Section
21017140	Storehouse, Back Section
21017150	Storehouse, Back Section
21017160	Storehouse, Back Section
21017170	Storehouse, First Floor
21017180	Storehouse, Fourth Floor
21017200	Storehouse, Fourth Floor
21017210	Storehouse, First Floor
21017220	Storehouse, First Floor
21017230	Storehouse, First Floor
21017240	Storehouse, First Floor
21017250	Storehouse, First Floor
21017260	Storehouse, First Floor
21017270	Storehouse, First Floor
21017280	Storehouse, First Floor
21017290	Storehouse, First Floor
21017300	Storehouse, Fourth Floor
21017310	Storehouse, Loft
21017320	Storehouse, Back Section
21017330	Storehouse, Back Section
21017340	Storehouse, Back Section
21017350	Storehouse, Back Section
21017360	Storehouse, Back Section
21017370	Storehouse, Back Section
21017380	Storehouse, Back Section
21017390	Storehouse, Back Section
21017400	Storehouse, Loft
21017410	Storehouse, Back Section
21017420	Storehouse, Seventh Floor
21017430	Storehouse, Seventh Floor
21017440	Storehouse, Seventh Floor
21017450	Storehouse, Seventh Floor
21017460	Storehouse, Seventh Floor
21017470	Storehouse, Seventh Floor
21017480	Storehouse, Seventh Floor
21017490	Storehouse, Seventh Floor
21017500	Dark Chamber Entrance
21017510	Storehouse, Fourth Floor
21017520	Dark Chamber Entrance
21017530	Dark Chamber Entrance
21017540	Dark Chamber Entrance
21017550	Dark Chamber Entrance
21017560	Dark Chamber Entrance
21017570	Dark Chamber Entrance
21017580	Dark Chamber Entrance
21017590	Dark Chamber Entrance
21017600	Storehouse, Back Section
21017610	Storehouse, First Floor
21017620	Storehouse, Fourth Floor
21017630	Storehouse, Loft
21017640	Storehouse, Loft
21017650	Storehouse, Loft
21017660	Storehouse, Loft
21017670	Storehouse, Loft
21017680	Storehouse, Loft
21017690	Storehouse, Loft
21017700	Storehouse, Loft
21017710	Storehouse, Loft
21017720	Storehouse, Loft
21017730	Storehouse, Loft
21017740	Storehouse, Loft
21017750	Storehouse, Seventh Floor
21017760	Storehouse, Loft
21017770	Storehouse, Seventh Floor
21017780	Storehouse, Loft
21017790	Storehouse, Loft
21017800	Storehouse, Seventh Floor
21027000	West Rampart
21027010	West Rampart
21027020	West Rampart
21027040	West Rampart
21027050	West Rampart
21027170	West Rampart
21027180	West Rampart
21027190	West Rampart
21027200	West Rampart
21027210	West Rampart
21027220	West Rampart
21027230	West Rampart
21027240	West Rampart
21027250	West Rampart
21027260	West Rampart
21027270	West Rampart
22007000	Fissure Cross
22007100	Stone Coffin Fissure
22007110	Stone Coffin Fissure
22007120	Stone Coffin Fissure
22007130	Fissure Cross
22007140	Fissure Waypoint
22007150	Fissure Cross
22007160	Fissure Cross
22007170	Fissure Cross
22007190	Fissure Waypoint
22007200	Fissure Waypoint
22007210	Fissure Waypoint
22007220	Fissure Waypoint
22007230	Fissure Waypoint
22007240	Fissure Cross
28007000	Manse Hall
28007010	Manse Hall
28007020	Manse Hall
28007030	Discussion Chamber
28007040	Discussion Chamber
28007050	Discussion Chamber
28007070	Midra's Library
28007080	Midra's Library
28007090	Midra's Library
28007100	Second Floor Chamber
28007110	Midra's Library
30007010	Tombsward Catacombs
30007020	Tombsward Catacombs
30007040	Tombsward Catacombs
30017010	Impaler's Catacombs
30017020	Impaler's Catacombs
30027000	Stormfoot Catacombs
30027010	Stormfoot Catacombs
30027020	Stormfoot Catacombs
30027030	Stormfoot Catacombs
30037000	Road's End Catacombs
30037010	Road's End Catacombs
30037020	Road's End Catacombs
30037030	Road's End Catacombs
30037040	Road's End Catacombs
30047000	Murkwater Catacombs
30057000	Black Knife Catacombs
30057010	Black Knife Catacombs
30057030	Black Knife Catacombs
30057040	Black Knife Catacombs
30067000	Cliffbottom Catacombs
30067010	Cliffbottom Catacombs
30067020	Cliffbottom Catacombs
30067030	Cliffbottom Catacombs
30067040	Cliffbottom Catacombs
30067050	Cliffbottom Catacombs
30067060	Cliffbottom Catacombs
30067070	Cliffbottom Catacombs
30067080	Cliffbottom Catacombs
30077010	Wyndham Catacombs
30077020	Wyndham Catacombs
30077600	Wyndham Catacombs
30087010	Sainted Hero's Grave
30087020	Sainted Hero's Grave
30087030	Sainted Hero's Grave
30087040	Sainted Hero's Grave
30087050	Sainted Hero's Grave
30087060	Sainted Hero's Grave
30097000	Gelmir Hero's Grave
30097010	Gelmir Hero's Grave
30097020	Gelmir Hero's Grave
30097030	Gelmir Hero's Grave
30097040	Gelmir Hero's Grave
30097050	Gelmir Hero's Grave
30097060	Gelmir Hero's Grave
30097070	Gelmir Hero's Grave
30107010	Auriza Hero's Grave
30107020	Auriza Hero's Grave
30107030	Auriza Hero's Grave
30107040	Auriza Hero's Grave
30107050	Auriza Hero's Grave
30107060	Auriza Hero's Grave
30107070	Auriza Hero's Grave
30107080	Auriza Hero's Grave
30117000	Deathtouched Catacombs
30117010	Deathtouched Catacombs
30117020	Deathtouched Catacombs
30127010	Unsightly Catacombs
30127020	Unsightly Catacombs
30127030	Unsightly Catacombs
30137020	Auriza Side Tomb
30137030	Auriza Side Tomb
30137040	Auriza Side Tomb
30147000	Minor Erdtree Catacombs
30147010	Minor Erdtree Catacombs
30147020	Minor Erdtree Catacombs
30147030	Minor Erdtree Catacombs
30147040	Minor Erdtree Catacombs
30157000	Caelid Catacombs
30167000	War-Dead Catacombs
30167010	War-Dead Catacombs
30167020	War-Dead Catacombs
30167030	War-Dead Catacombs
30167040	War-Dead Catacombs
30207000	Hidden Path to the Haligtree
30207010	Hidden Path to the Haligtree
30207020	Hidden Path to the Haligtree
30207030	Hidden Path to the Haligtree
30207040	Hidden Path to the Haligtree
30207050	Hidden Path to the Haligtree
30207060	Hidden Path to the Haligtree
30207900	Hidden Path to the Haligtree
30207910	Hidden Path to the Haligtree
31017000	Earthbore Cave
31017010	Earthbore Cave
31017020	Earthbore Cave
31017030	Earthbore Cave
31017040	Earthbore Cave
31017060	Earthbore Cave
31037000	Groveside Cave
31037010	Groveside Cave
31047000	Stillwater Cave
31047010	Stillwater Cave
31047020	Stillwater Cave
31047030	Stillwater Cave
31047040	Stillwater Cave
31047050	Stillwater Cave
31047060	Stillwater Cave
31057000	Lakeside Crystal Cave
31057010	Lakeside Crystal Cave
31057020	Lakeside Crystal Cave
31057030	Lakeside Crystal Cave
31057040	Lakeside Crystal Cave
31057050	Lakeside Crystal Cave
31057060	Lakeside Crystal Cave
31057070	Lakeside Crystal Cave
31057100	Lakeside Crystal Cave
31067000	Academy Crystal Cave
31067010	Academy Crystal Cave
31067030	Academy Crystal Cave
31067100	Academy Crystal Cave
31077000	Seethewater Cave
31077010	Seethewater Cave
31077020	Seethewater Cave
31077030	Seethewater Cave
31077040	Seethewater Cave
31077050	Seethewater Cave
31077060	Seethewater Cave
31077070	Seethewater Cave
31097000	Volcano Cave
31097010	Volcano Cave
31097020	Volcano Cave
31097030	Volcano Cave
31097040	Volcano Cave
31107000	Dragonbarrow Cave
31107010	Dragonbarrow Cave
31107050	Dragonbarrow Cave
31107110	Dragonbarrow Cave
31107120	Dragonbarrow Cave
31117000	Sellia Hideaway
31117010	Sellia Hideaway
31117020	Sellia Hideaway
31117030	Sellia Hideaway
31117040	Sellia Hideaway
31117080	Sellia Hideaway
31117090	Sellia Hideaway
31117100	Sellia Hideaway
31117110	Sellia Hideaway
31117200	Sellia Hideaway
31117220	Sellia Hideaway
31127000	Cave of the Forlorn
31127010	Cave of the Forlorn
31127020	Cave of the Forlorn
31127030	Cave of the Forlorn
31127040	Cave of the Forlorn
31127050	Cave of the Forlorn
31127060	Cave of the Forlorn
31127070	Cave of the Forlorn
31127080	Cave of the Forlorn
31127090	Cave of the Forlorn
31127100	Cave of the Forlorn
31127110	Cave of the Forlorn
31127120	Cave of the Forlorn
31157010	Coastal Cave
31157020	Coastal Cave
31177010	Highroad Cave
31177020	Highroad Cave
31177030	Highroad Cave
31177040	Highroad Cave
31177050	Highroad Cave
31177060	Highroad Cave
31177070	Highroad Cave
31177080	Highroad Cave
31187020	Perfumer's Grotto
31187030	Perfumer's Grotto
31187040	Perfumer's Grotto
31187050	Perfumer's Grotto
31187060	Perfumer's Grotto
31187070	Perfumer's Grotto
31187080	Perfumer's Grotto
31197000	Sage's Cave
31197010	Sage's Cave
31197030	Sage's Cave
31197040	Sage's Cave
31197050	Sage's Cave
31197060	Sage's Cave
31197080	Sage's Cave
31197090	Sage's Cave
31197100	Sage's Cave
31197110	Sage's Cave
31197120	Sage's Cave
31197130	Sage's Cave
31197200	Sage's Cave
31197210	Sage's Cave
31207000	Abandoned Cave
31207010	Abandoned Cave
31207020	Abandoned Cave
31207030	Abandoned Cave
31217000	Gaol Cave
31217030	Gaol Cave
31217040	Gaol Cave
31217070	Gaol Cave
31217080	Gaol Cave
31217090	Gaol Cave
31217100	Gaol Cave
31217110	Gaol Cave
31217120	Gaol Cave
31217140	Gaol Cave
31217150	Gaol Cave
31217160	Gaol Cave
31217190	Gaol Cave
31217200	Gaol Cave
31217210	Gaol Cave
31217350	Gaol Cave
31217400	Gaol Cave
32007000	Morne Tunnel
32007010	Morne Tunnel
32007020	Morne Tunnel
32007030	Morne Tunnel
32007060	Morne Tunnel
32007070	Morne Tunnel
32007900	Morne Tunnel
32057000	Altus Tunnel
32057010	Altus Tunnel
32057020	Altus Tunnel
32057030	Altus Tunnel
32057040	Altus Tunnel
32057910	Altus Tunnel
32077000	Rear Gael Tunnel Entrance
32077010	Rear Gael Tunnel Entrance
32077020	Rear Gael Tunnel Entrance
32077030	Rear Gael Tunnel Entrance
32077060	Rear Gael Tunnel Entrance
32077070	Rear Gael Tunnel Entrance
32087000	Sellia Crystal Tunnel
32087020	Sellia Crystal Tunnel
32087030	Sellia Crystal Tunnel
32087050	Sellia Crystal Tunnel
32087060	Sellia Crystal Tunnel
32087070	Sellia Crystal Tunnel
32087100	Sellia Crystal Tunnel
32087110	Sellia Crystal Tunnel
32087120	Sellia Crystal Tunnel
32087900	Sellia Crystal Tunnel
32087910	Sellia Crystal Tunnel
34107000	Limgrave Tower Bridge
34107010	Limgrave Tower Bridge
34107070	Divine Tower of Limgrave
34107080	Divine Tower of Limgrave
34107090	Divine Tower of Limgrave
34107100	Limgrave Tower Bridge
34107110	Limgrave Tower Bridge
34117010	Study Hall Entrance
34117060	Study Hall Entrance
34117080	Study Hall Entrance
34117100	Study Hall Entrance
34117110	Study Hall Entrance
34117120	Study Hall Entrance
34117200	Study Hall Entrance
34117500	Divine Tower of Liurnia
34127010	Divine Tower of West Altus: Gate
34127020	Divine Tower of West Altus: Gate
34127040	Divine Tower of West Altus: Gate
34127050	Divine Tower of West Altus: Gate
34127060	Divine Tower of West Altus: Gate
34127070	Divine Tower of West Altus: Gate
34127080	Divine Tower of West Altus: Gate
34127090	Divine Tower of West Altus: Gate
34127100	Divine Tower of West Altus: Gate
34127110	Divine Tower of West Altus: Gate
34127120	Divine Tower of West Altus: Gate
34127130	Divine Tower of West Altus: Gate
34127150	Divine Tower of West Altus: Gate
34127160	Divine Tower of West Altus: Gate
34127900	Divine Tower of West Altus: Gate
34137000	Divine Tower of Caelid: Center
34137010	Divine Tower of Caelid: Center
34137020	Divine Tower of Caelid: Center
34137900	Divine Tower of Caelid: Basement
34147000	Divine Tower of East Altus: Gate
34147010	Divine Tower of East Altus: Gate
34147020	Divine Tower of East Altus: Gate
34147800	Divine Tower of East Altus: Gate
34147810	Divine Tower of East Altus: Gate
35007000	Underground Roadside
35007030	Underground Roadside
35007040	Underground Roadside
35007050	Underground Roadside
35007060	Cathedral of the Forsaken
35007080	Underground Roadside
35007090	Underground Roadside
35007110	Leyndell Catacombs
35007120	Underground Roadside
35007130	Underground Roadside
35007150	Underground Roadside
35007160	Underground Roadside
35007170	Underground Roadside
35007180	Underground Roadside
35007190	Underground Roadside
35007200	Underground Roadside
35007210	Underground Roadside
35007220	Underground Roadside
35007240	Underground Roadside
35007250	Underground Roadside
35007260	Underground Roadside
35007270	Underground Roadside
35007280	Leyndell Catacombs
35007300	Leyndell Catacombs
35007310	Leyndell Catacombs
35007320	Leyndell Catacombs
35007330	Leyndell Catacombs
35007340	Leyndell Catacombs
35007350	Underground Roadside
35007370	Underground Roadside
35007380	Underground Roadside
35007390	Leyndell Catacombs
35007400	Underground Roadside
35007410	Leyndell Catacombs
35007420	Underground Roadside
35007430	Leyndell Catacombs
35007450	Leyndell Catacombs
35007460	Leyndell Catacombs
35007470	Leyndell Catacombs
35007480	Leyndell Catacombs
35007510	Leyndell Catacombs
35007530	Underground Roadside
35007540	Underground Roadside
35007550	Underground Roadside
35007560	Leyndell Catacombs
35007570	Underground Roadside
35007590	Leyndell Catacombs
35007600	Leyndell Catacombs
35007630	Cathedral of the Forsaken
35007650	Cathedral of the Forsaken
35007660	Cathedral of the Forsaken
35007670	Cathedral of the Forsaken
35007680	Frenzied Flame Proscription
35007700	Cathedral of the Forsaken
35007710	Cathedral of the Forsaken
35007720	Frenzied Flame Proscription
35007730	Underground Roadside
35007740	Underground Roadside
35007780	Frenzied Flame Proscription
35007900	Leyndell Catacombs
35007910	Leyndell Catacombs
35007930	Leyndell Catacombs
35007940	Leyndell Catacombs
35007950	Leyndell Catacombs
39207000	Ruin-Strewn Precipice Overlook
39207010	Ruin-Strewn Precipice
39207020	Ruin-Strewn Precipice
39207030	Ruin-Strewn Precipice
39207040	Ruin-Strewn Precipice
39207050	Ruin-Strewn Precipice
39207060	Ruin-Strewn Precipice
39207070	Ruin-Strewn Precipice Overlook
39207080	Ruin-Strewn Precipice Overlook
39207090	Ruin-Strewn Precipice
39207100	Ruin-Strewn Precipice
39207110	Ruin-Strewn Precipice
39207120	Ruin-Strewn Precipice Overlook
39207130	Ruin-Strewn Precipice Overlook
39207140	Ruin-Strewn Precipice
39207150	Ruin-Strewn Precipice
39207160	Ruin-Strewn Precipice
40007000	Fog Rift Catacombs
40007020	Fog Rift Catacombs
40007040	Fog Rift Catacombs
40007050	Fog Rift Catacombs
40007060	Fog Rift Catacombs
40007070	Fog Rift Catacombs
40007080	Fog Rift Catacombs
40007090	Fog Rift Catacombs
40007100	Fog Rift Catacombs
40007110	Fog Rift Catacombs
40007120	Fog Rift Catacombs
40007800	Fog Rift Catacombs
40007810	Fog Rift Catacombs
40007820	Fog Rift Catacombs
40007900	Fog Rift Catacombs
40017000	Scorpion River Catacombs
40017010	Scorpion River Catacombs
40017020	Scorpion River Catacombs
40017030	Scorpion River Catacombs
40017040	Scorpion River Catacombs
40017050	Scorpion River Catacombs
40017060	Scorpion River Catacombs
40017070	Scorpion River Catacombs
40017080	Scorpion River Catacombs
40017090	Scorpion River Catacombs
40017100	Scorpion River Catacombs
40017110	Scorpion River Catacombs
40017120	Scorpion River Catacombs
40017130	Scorpion River Catacombs
40017140	Scorpion River Catacombs
40017150	Scorpion River Catacombs
40027000	Darklight Catacombs
40027010	Darklight Catacombs
40027020	Darklight Catacombs
40027100	Darklight Catacombs
40027110	Darklight Catacombs
40027120	Darklight Catacombs
40027130	Darklight Catacombs
40027140	Darklight Catacombs
40027200	Darklight Catacombs
40027210	Darklight Catacombs
40027220	Darklight Catacombs
41007000	Belurat Gaol
41007010	Belurat Gaol
41007020	Belurat Gaol
41007100	Belurat Gaol
41007110	Belurat Gaol
41007120	Belurat Gaol
41007130	Belurat Gaol
41007200	Belurat Gaol
41007210	Belurat Gaol
41007250	Belurat Gaol
41007260	Belurat Gaol
41007270	Belurat Gaol
41017010	Bonny Gaol
41017020	Bonny Gaol
41017030	Bonny Gaol
41017040	Bonny Gaol
41017100	Bonny Gaol
41017110	Bonny Gaol
41017120	Bonny Gaol
41017130	Bonny Gaol
41017200	Bonny Gaol
41017210	Bonny Gaol
41017220	Bonny Gaol
41017230	Bonny Gaol
41017240	Bonny Gaol
41017250	Bonny Gaol
41017260	Bonny Gaol
41017300	Bonny Gaol
41017310	Bonny Gaol
41027000	Lamenter's Gaol
41027010	Lamenter's Gaol
41027050	Lamenter's Gaol
41027060	Lamenter's Gaol
41027070	Lamenter's Gaol
41027100	Lamenter's Gaol
41027110	Lamenter's Gaol
41027120	Lamenter's Gaol
41027130	Lamenter's Gaol
41027150	Lamenter's Gaol
41027160	Lamenter's Gaol
41027200	Lamenter's Gaol
41027210	Lamenter's Gaol
41027300	Lamenter's Gaol
41027320	Lamenter's Gaol
42007100	Ruined Forge Lava Intake
42007110	Ruined Forge Lava Intake
42007130	Ruined Forge Lava Intake
42007140	Ruined Forge Lava Intake
42007150	Ruined Forge Lava Intake
42007160	Ruined Forge Lava Intake
42007170	Ruined Forge Lava Intake
42007180	Ruined Forge Lava Intake
42027010	Ruined Forge of Starfall Past
42027020	Ruined Forge of Starfall Past
42027030	Ruined Forge of Starfall Past
42027040	Ruined Forge of Starfall Past
42027050	Ruined Forge of Starfall Past
42027060	Ruined Forge of Starfall Past
42027070	Ruined Forge of Starfall Past
42027080	Ruined Forge of Starfall Past
42037100	Taylew's Ruined Forge
42037110	Taylew's Ruined Forge
42037120	Taylew's Ruined Forge
42037130	Taylew's Ruined Forge
42037140	Taylew's Ruined Forge
42037150	Taylew's Ruined Forge
42037160	Taylew's Ruined Forge
42037170	Taylew's Ruined Forge
42037180	Taylew's Ruined Forge
43007000	Rivermouth Cave
43007010	Rivermouth Cave
43007020	Rivermouth Cave
43007030	Rivermouth Cave
43007040	Rivermouth Cave
43007050	Rivermouth Cave
43017000	Dragon's Pit
43017010	Dragon's Pit
43017020	Dragon's Pit
43017030	Dragon's Pit
43017040	Dragon's Pit Terminus
1033407100	Altar South
1033417000	Altar South
1033417010	Altar South
1033417020	Altar South
1033447000	Revenger's Shack
1033447010	Revenger's Shack
1033447020	Revenger's Shack
1033447030	Revenger's Shack
1033447040	Revenger's Shack
1033467000	Foot of the Four Belfries
1033467030	Foot of the Four Belfries
1033467040	Foot of the Four Belfries
1033477000	The Four Belfries
1033477010	The Four Belfries
1033477020	The Four Belfries
1033477030	The Four Belfries
1033477200	Altar South
1033477900	The Four Belfries
1033477910	The Four Belfries
1034417000	Moonlight Altar
1034427000	Moonlight Altar
1034427010	Moonlight Altar
1034427020	Village of the Albinaurics
1034427030	Village of the Albinaurics
1034427040	Moonlight Altar
1034427050	Village of the Albinaurics
1034427060	Village of the Albinaurics
1034427100	Village of the Albinaurics
1034437000	Converted Tower
1034437300	Converted Tower
1034447000	Temple Quarter
1034447010	Temple Quarter
1034447900	Temple Quarter
1034457010	Crystalline Woods
1034457020	Crystalline Woods
1034457100	Crystalline Woods
1034467100	Crystalline Woods
1034477000	The Four Belfries
1034477110	Sorcerer's Isle
1034477120	Sorcerer's Isle
1034477130	Sorcerer's Isle
1034477140	Sorcerer's Isle
1034477150	Sorcerer's Isle
1034477160	Sorcerer's Isle
1034477170	Sorcerer's Isle
1034477180	Sorcerer's Isle
1034477190	Sorcerer's Isle
1034477200	Sorcerer's Isle
1034477210	Sorcerer's Isle
1034477220	Sorcerer's Isle
1034477500	Sorcerer's Isle
1034487000	Road to the Manor
1034487010	Road to the Manor
1034487100	Northern Liurnia Lake Shore
1034497010	Road to the Manor
1034507010	Ranni's Rise
1034507020	Ranni's Rise
1034507030	Ranni's Rise
1034507040	Ranni's Rise
1034507050	Ranni's Rise
1034507060	Ranni's Rise
1034507070	Ranni's Rise
1034507080	Ranni's Rise
1034507090	Manor Lower Level
1034517900	Royal Moongazing Grounds
1035417000	Cathedral of Manus Celes
1035417010	Cathedral of Manus Celes
1035417100	Cathedral of Manus Celes
1035417110	Cathedral of Manus Celes
1035427010	Folly on the Lake
1035427030	Village of the Albinaurics
1035427040	Village of the Albinaurics
1035427100	Cathedral of Manus Celes
1035427110	Cathedral of Manus Celes
1035427120	Cathedral of Manus Celes
1035427130	Cathedral of Manus Celes
1035427140	Cathedral of Manus Celes
1035427150	Cathedral of Manus Celes
1035427160	Cathedral of Manus Celes
1035427170	Cathedral of Manus Celes
1035427180	Cathedral of Manus Celes
1035427190	Cathedral of Manus Celes
1035427200	Cathedral of Manus Celes
1035437010	Folly on the Lake
1035447000	South Raya Lucaria Gate
1035447010	South Raya Lucaria Gate
1035447020	South Raya Lucaria Gate
1035447030	South Raya Lucaria Gate
1035447040	South Raya Lucaria Gate
1035447050	South Raya Lucaria Gate
1035447060	South Raya Lucaria Gate
1035447070	South Raya Lucaria Gate
1035447080	South Raya Lucaria Gate
1035447090	South Raya Lucaria Gate
1035447100	South Raya Lucaria Gate
1035447110	South Raya Lucaria Gate
1035447120	South Raya Lucaria Gate
1035457000	South Raya Lucaria Gate
1035457030	South Raya Lucaria Gate
1035457100	South Raya Lucaria Gate
1035467020	Main Academy Gate
1035467100	East Gate Bridge Trestle
1035477010	East Gate Bridge Trestle
1035487010	Sorcerer's Isle
1035487020	The Ravine
1035487030	East Raya Lucaria Gate
1035497020	The Ravine
1035507000	Manor Upper Level
1035507010	Main Caria Manor Gate
1035507020	Main Caria Manor Gate
1035507030	Manor Lower Level
1035507050	Main Caria Manor Gate
1035507060	Manor Upper Level
1035507070	Royal Moongazing Grounds
1035507080	Behind Caria Manor
1035507090	Manor Lower Level
1035507100	Manor Upper Level
1035507110	Manor Lower Level
1035507120	Main Caria Manor Gate
1035507130	Main Caria Manor Gate
1035507140	Manor Lower Level
1035507150	Main Caria Manor Gate
1035507160	Manor Upper Level
1035507170	Royal Moongazing Grounds
1035507180	Manor Lower Level
1035507190	Manor Lower Level
1035507200	Manor Upper Level
1035507220	Manor Upper Level
1035507230	Royal Moongazing Grounds
1035507240	Behind Caria Manor
1035507250	Main Caria Manor Gate
1035507260	Main Caria Manor Gate
1035507270	Manor Lower Level
1035507280	Main Caria Manor Gate
1035507300	Manor Upper Level
1035507900	Main Caria Manor Gate
1035527010	Craftsman's Shack
1035527020	Craftsman's Shack
1035527030	Craftsman's Shack
1035527040	Craftsman's Shack
1035537000	Seethewater Terminus
1035537010	Seethewater Terminus
1035537020	Altar South
1035537030	Seethewater Terminus
1035537040	Seethewater Terminus
1035537050	Seethewater Terminus
1035547000	Road of Iniquity
1035547010	Road of Iniquity
1035547020	Seethewater Terminus
1035547050	Seethewater Terminus
1035547060	Seethewater Terminus
1035547070	Seethewater Terminus
1036417000	Slumbering Wolf's Shack
1036417010	Slumbering Wolf's Shack
1036417020	Slumbering Wolf's Shack
1036437000	Fallen Ruins of the Lake
1036437020	Fallen Ruins of the Lake
1036437030	Academy Gate Town
1036447000	Academy Gate Town
1036447010	Academy Gate Town
1036447040	Fallen Ruins of the Lake
1036447050	South Raya Lucaria Gate
1036447060	South Raya Lucaria Gate
1036447300	Fallen Ruins of the Lake
1036457020	South Raya Lucaria Gate
1036457110	South Raya Lucaria Gate
1036477000	East Raya Lucaria Gate
1036487000	Bellum Church
1036497000	Bellum Church
1036507010	Behind Caria Manor
1036507020	Behind Caria Manor
1036507030	Manor Upper Level
1036517000	Craftsman's Shack
1036527000	Craftsman's Shack
1036527010	Craftsman's Shack
1036527020	Craftsman's Shack
1036527030	Craftsman's Shack
1036527040	Craftsman's Shack
1036527050	Craftsman's Shack
1036527060	Craftsman's Shack
1036537000	Seethewater Terminus
1036547000	Ninth Mt. Gelmir Campsite
1036547010	Road of Iniquity
1036547020	Road of Iniquity
1036547030	Road of Iniquity
1036547040	Ninth Mt. Gelmir Campsite
1036547050	Road of Iniquity
1036547400	Road of Iniquity
1037417010	Slumbering Wolf's Shack
1037427000	Laskyar Ruins
1037427010	Laskyar Ruins
1037427030	Scenic Isle
1037427900	Laskyar Ruins
1037437000	Academy Gate Town
1037437010	Academy Gate Town
1037447000	Academy Gate Town
1037447010	Academy Gate Town
1037457100	Eastern Liurnia Lake Shore
1037467000	Church of Vows
1037467010	Church of Vows
1037477000	Ruined Labyrinth
1037477010	Raya Lucaria Crystal Tunnel
1037477020	Mausoleum Compound
1037477030	Ruined Labyrinth
1037487000	Bellum Church
1037487010	Mausoleum Compound
1037487020	Mausoleum Compound
1037487030	Mausoleum Compound
1037487040	Mausoleum Compound
1037487050	Mausoleum Compound
1037487060	Mausoleum Compound
1037487070	Mausoleum Compound
1037487080	Mausoleum Compound
1037497000	Church of Inhibition
1037497010	Bellum Church
1037497020	Church of Inhibition
1037497030	Church of Inhibition
1037497100	Church of Inhibition
1037497200	Church of Inhibition
1037507000	Ravine-Veiled Village
1037507100	Ravine-Veiled Village
1037517000	Abandoned Coffin
1037517010	Abandoned Coffin
1037517020	Abandoned Coffin
1037527020	Seethewater River
1037527030	Craftsman's Shack
1037527040	Primeval Sorcerer Azur
1037527050	Primeval Sorcerer Azur
1037527060	Seethewater River
1037527070	Primeval Sorcerer Azur
1037527080	Seethewater River
1037527090	Primeval Sorcerer Azur
1037527100	Primeval Sorcerer Azur
1037537000	Primeval Sorcerer Azur
1037537010	Primeval Sorcerer Azur
1037537020	Primeval Sorcerer Azur
1037537400	Primeval Sorcerer Azur
1037547000	First Mt. Gelmir Campsite
1037547010	First Mt. Gelmir Campsite
1037547020	Ninth Mt. Gelmir Campsite
1037547030	Road of Iniquity
1037547040	Ninth Mt. Gelmir Campsite
1037547050	Primeval Sorcerer Azur
1037547060	Primeval Sorcerer Azur
1037547070	Primeval Sorcerer Azur
1037547080	Primeval Sorcerer Azur
1037547090	Primeval Sorcerer Azur
1037547100	First Mt. Gelmir Campsite
1037547110	Ninth Mt. Gelmir Campsite
1037547120	Ninth Mt. Gelmir Campsite
1037547130	Ninth Mt. Gelmir Campsite
1037547140	Ninth Mt. Gelmir Campsite
1037547150	Ninth Mt. Gelmir Campsite
1037557000	Ninth Mt. Gelmir Campsite
1038397000	Lake-Facing Cliffs
1038407000	Liurnia Lake Shore
1038417010	Liurnia Lake Shore
1038427000	Gate Town Bridge
1038427010	Gate Town Bridge
1038427020	Gate Town Bridge
1038437000	Gate Town Bridge
1038437010	Gate Town Bridge
1038437020	Gate Town Bridge
1038447030	Eastern Liurnia Lake Shore
1038447040	Artist's Shack
1038457000	Eastern Tableland
1038457010	Eastern Tableland
1038457020	Artist's Shack
1038467000	Eastern Tableland
1038477010	Ruined Labyrinth
1038477030	Ruined Labyrinth
1038487020	Frenzied Flame Village Outskirts
1038487030	Frenzied Flame Village Outskirts
1038487100	Frenzied Flame Village Outskirts
1038487120	Frenzied Flame Village Outskirts
1038487130	Frenzied Flame Village Outskirts
1038497000	Church of Inhibition
1038497010	Church of Inhibition
1038497030	Frenzied Flame Village Outskirts
1038497040	Frenzied Flame Village Outskirts
1038497900	Frenzied Flame Village Outskirts
1038507000	Ravine-Veiled Village
1038507010	Grand Lift of Dectus
1038517000	Erdtree-Gazing Hill
1038517010	Altus Plateau
1038517020	Altus Plateau
1038517030	Altar South
1038517040	Erdtree-Gazing Hill
1038517050	Erdtree-Gazing Hill
1038517060	Erdtree-Gazing Hill
1038517070	Erdtree-Gazing Hill
1038517080	Erdtree-Gazing Hill
1038517090	Altar South
1038517400	Erdtree-Gazing Hill
1038527000	Seethewater River
1038527010	Seethewater River
1038527020	Seethewater River
1038527030	Old Altus Tunnel
1038527040	Seethewater River
1038527050	Old Altus Tunnel
1038527060	Seethewater River
1038527070	Seethewater River
1038537000	First Mt. Gelmir Campsite
1038537010	First Mt. Gelmir Campsite
1038537020	First Mt. Gelmir Campsite
1038537030	First Mt. Gelmir Campsite
1038537040	First Mt. Gelmir Campsite
1038537050	First Mt. Gelmir Campsite
1038547000	First Mt. Gelmir Campsite
1038547010	First Mt. Gelmir Campsite
1038547020	First Mt. Gelmir Campsite
1038547030	First Mt. Gelmir Campsite
1038547050	First Mt. Gelmir Campsite
1038547060	First Mt. Gelmir Campsite
1038547070	First Mt. Gelmir Campsite
1038547080	First Mt. Gelmir Campsite
1038547090	Shaded Castle Inner Gate
1038547110	First Mt. Gelmir Campsite
1039397000	Lake-Facing Cliffs
1039407000	Lake-Facing Cliffs
1039417000	Liurnia Highway North
1039417010	Liurnia Highway North
1039417020	Liurnia Highway South
1039417030	Liurnia Highway South
1039417100	Liurnia Highway North
1039417200	Liurnia Highway North
1039427000	Liurnia Highway North
1039427010	Liurnia Highway North
1039427020	Liurnia Highway North
1039427030	Liurnia Highway North
1039427040	Liurnia Highway North
1039427050	Liurnia Highway North
1039437010	Jarburg
1039437020	Jarburg
1039437030	Jarburg
1039437040	Jarburg
1039437050	Jarburg
1039437060	Jarburg
1039437100	Gate Town Bridge
1039447000	Jarburg
1039447010	Artist's Shack
1039447020	Jarburg
1039447030	Jarburg
1039447040	Jarburg
1039487000	Frenzied Flame Village Outskirts
1039487100	Frenzied Flame Village Outskirts
1039507000	Altus Plateau
1039507010	Altus Plateau
1039507020	Altus Highway Junction
1039517010	Altus Highway Junction
1039517020	Altus Highway Junction
1039517030	Altus Highway Junction
1039517040	Altus Highway Junction
1039517400	Altus Highway Junction
1039527000	Old Altus Tunnel
1039527020	Old Altus Tunnel
1039527400	Old Altus Tunnel
1039537000	Bridge of Iniquity
1039537010	Bridge of Iniquity
1039537020	Old Altus Tunnel
1039537030	Bridge of Iniquity
1039537040	Bridge of Iniquity
1039537050	Bower of Bounty
1039537060	Bower of Bounty
1039537070	Bower of Bounty
1039547010	Shaded Castle Ramparts
1039547020	Shaded Castle Ramparts
1039547030	Shaded Castle Ramparts
1039547050	Shaded Castle Ramparts
1039547060	Shaded Castle Ramparts
1039547070	Shaded Castle Ramparts
1039547080	Shaded Castle Inner Gate
1039547090	Shaded Castle Inner Gate
1039547100	Shaded Castle Ramparts
1039547110	Shaded Castle Ramparts
1039547120	Shaded Castle Inner Gate
1039547130	Shaded Castle Inner Gate
1039547140	Shaded Castle Inner Gate
1039547150	Shaded Castle Ramparts
1039547160	Shaded Castle Inner Gate
1039547170	Shaded Castle Ramparts
1039547180	Castellan's Hall
1039547200	Castellan's Hall
1039547210	Castellan's Hall
1039547220	Shaded Castle Ramparts
1039547230	Shaded Castle Inner Gate
1039547240	Shaded Castle Ramparts
1039547250	Shaded Castle Inner Gate
1039547260	Shaded Castle Inner Gate
1039547300	Shaded Castle Inner Gate
1039547350	Shaded Castle Inner Gate
1039570000	Shaded Castle Inner Gate
1040387000	Stormhill Shack
1040407000	Altar South
1040507000	Altus Highway Junction
1040517000	Rampartside Path
1040517010	Altus Highway Junction
1040517020	Altus Highway Junction
1040517030	Altus Highway Junction
1040517040	Altus Highway Junction
1040517400	Altus Highway Junction
1040527000	Forest-Spanning Greatbridge
1040527010	Forest-Spanning Greatbridge
1040527020	Forest-Spanning Greatbridge
1040527030	Forest-Spanning Greatbridge
1040527040	Forest-Spanning Greatbridge
1040527050	Forest-Spanning Greatbridge
1040537000	Bower of Bounty
1040537010	Shaded Castle Ramparts
1040537020	Bower of Bounty
1040537030	Forest-Spanning Greatbridge
1040537040	Forest-Spanning Greatbridge
1040537050	Bower of Bounty
1040537060	Bower of Bounty
1040547000	Altar South
1040547010	Shaded Castle Ramparts
1040547030	Road of Iniquity Side Path
1040547050	Altar South
1040547090	Road of Iniquity Side Path
1040557000	Road of Iniquity Side Path
1041327000	Isolated Merchant's Shack
1041327010	Isolated Merchant's Shack
1041327020	Isolated Merchant's Shack
1041327030	Isolated Merchant's Shack
1041327040	Isolated Merchant's Shack
1041327050	Isolated Merchant's Shack
1041337000	Fourth Church of Marika
1041337010	Isolated Merchant's Shack
1041337030	Fourth Church of Marika
1041337100	Fourth Church of Marika
1041337200	Fourth Church of Marika
1041357000	Church of Dragon Communion
1041357010	Church of Dragon Communion
1041357020	Church of Dragon Communion
1041367000	Church of Elleh
1041377000	Stormhill Shack
1041377020	Church of Elleh
1041387010	Stormhill Shack
1041387030	Stormhill Shack
1041387040	Stormhill Shack
1041387050	Stormhill Shack
1041387100	Stormhill Shack
1041387200	Stormhill Shack
1041397000	Stormhill Shack
1041517000	Outer Wall Phantom Tree
1041517010	Outer Wall Phantom Tree
1041517020	Outer Wall Phantom Tree
1041517030	Altus Highway Junction
1041527000	Rampartside Path
1041527010	Rampartside Path
1041527020	Rampartside Path
1041527030	Rampartside Path
1041527040	Rampartside Path
1041527070	Forest-Spanning Greatbridge
1041527080	Rampartside Path
1041527090	Rampartside Path
1041537010	Forest-Spanning Greatbridge
1041537020	Rampartside Path
1041537030	Forest-Spanning Greatbridge
1041537040	Forest-Spanning Greatbridge
1041537060	Windmill Village
1041537070	Forest-Spanning Greatbridge
1041537080	Windmill Village
1041547000	Windmill Village
1041547400	Road of Iniquity Side Path
1041557000	Road of Iniquity Side Path
1041557010	Windmill Village
1041557020	Road of Iniquity Side Path
1042327000	Tombsward
1042327020	Tombsward
1042337000	Tombsward
1042347000	Church of Pilgrimage
1042347010	Tombsward Cave
1042347020	Tombsward Cave
1042347030	Church of Pilgrimage
1042347100	Tombsward Cave
1042357000	Seaside Ruins
1042357010	The First Step
1042357020	Church of Pilgrimage
1042357030	Church of Pilgrimage
1042367010	The First Step
1042367030	Church of Elleh
1042367040	Church of Elleh
1042367050	The First Step
1042367060	Church of Elleh
1042377000	Gatefront
1042377010	Limgrave Tunnels
1042377060	Isolated Merchant's Shack
1042377070	Isolated Merchant's Shack
1042377300	Gatefront
1042387000	Warmaster's Shack
1042387010	Gatefront
1042387020	Warmaster's Shack
1042387030	Warmaster's Shack
1042387040	Warmaster's Shack
1042387050	Warmaster's Shack
1042387070	Warmaster's Shack
1042387080	Warmaster's Shack
1042387090	Warmaster's Shack
1042387100	Warmaster's Shack
1042387110	Warmaster's Shack
1042387120	Gatefront
1042387140	Gatefront
1042387200	Gatefront
1042387600	Warmaster's Shack
1042397010	Warmaster's Shack
1042397900	Warmaster's Shack
1042507000	Altar South
1042517000	Outer Wall Phantom Tree
1042517400	Outer Wall Phantom Tree
1042517410	Outer Wall Phantom Tree
1042527000	Rampartside Path
1042527010	Rampartside Path
1042527020	Rampartside Path
1042527030	Rampartside Path
1042527040	Outer Wall Battleground
1042537000	Rampartside Path
1042537010	Rampartside Path
1042547000	Windmill Village
1042547010	Windmill Village
1042547020	Windmill Heights
1042547030	Windmill Village
1042547040	Windmill Village
1042547050	Windmill Village
1042547060	Windmill Village
1042547070	Windmill Heights
1042547080	Windmill Heights
1042547090	Windmill Heights
1042547100	Windmill Village
1042547400	Windmill Village
1042557000	Windmill Heights
1043307000	Beside the Rampart Gaol
1043307010	Beside the Rampart Gaol
1043317000	Behind the Castle
1043317010	Behind the Castle
1043317020	Castle Morne Lift
1043317030	Behind the Castle
1043317040	Behind the Castle
1043317050	Behind the Castle
1043317060	Behind the Castle
1043317070	Behind the Castle
1043317080	Behind the Castle
1043317090	Behind the Castle
1043317100	Behind the Castle
1043317110	Behind the Castle
1043317120	Behind the Castle
1043317130	Behind the Castle
1043317140	Behind the Castle
1043317150	Behind the Castle
1043317160	Behind the Castle
1043317170	Behind the Castle
1043317180	Behind the Castle
1043317190	Behind the Castle
1043317200	Behind the Castle
1043317210	Behind the Castle
1043317220	Beside the Rampart Gaol
1043317230	Beside the Rampart Gaol
1043317240	Beside the Rampart Gaol
1043317250	Beside the Rampart Gaol
1043317260	Beside the Rampart Gaol
1043317270	Beside the Rampart Gaol
1043317280	Beside the Rampart Gaol
1043317290	Behind the Castle
1043317300	Behind the Castle
1043317310	Behind the Castle
1043317320	Behind the Castle
1043317330	Behind the Castle
1043317340	Behind the Castle
1043317350	Behind the Castle
1043317370	Beside the Rampart Gaol
1043317400	Castle Morne Lift
1043317900	Behind the Castle
1043317910	Behind the Castle
1043327000	Ailing Village Outskirts
1043327010	Tombsward
1043337000	Ailing Village Outskirts
1043337010	Ailing Village Outskirts
1043347000	Church of Pilgrimage
1043347040	Ailing Village Outskirts
1043347050	Ailing Village Outskirts
1043347100	Church of Pilgrimage
1043357000	Seaside Ruins
1043357010	Seaside Ruins
1043357030	Seaside Ruins
1043357100	Church of Pilgrimage
1043367010	Seaside Ruins
1043367020	Seaside Ruins
1043367040	Seaside Ruins
1043367070	Seaside Ruins
1043367110	Seaside Ruins
1043377000	Murkwater Cave
1043377010	Murkwater Cave
1043377020	Agheel Lake North
1043387010	Murkwater Coast
1043387020	Murkwater Coast
1043397010	Warmaster's Shack
1043397020	Saintsbridge
1043397030	Saintsbridge
1043397200	Saintsbridge
1043407000	Saintsbridge
1043407010	Saintsbridge
1043507000	Minor Erdtree Church
1043507010	Sealed Tunnel
1043527000	Outer Wall Battleground
1043527030	Outer Wall Battleground
1043527400	Outer Wall Battleground
1043527410	Outer Wall Battleground
1043537000	Hermit Merchant's Shack
1043537010	Hermit Merchant's Shack
1043537020	Hermit Merchant's Shack
1043537030	Hermit Merchant's Shack
1043537040	Hermit Merchant's Shack
1043537050	Hermit Merchant's Shack
1043537060	Outer Wall Battleground
1043537070	Outer Wall Battleground
1044317010	Castle Morne Lift
1044317020	Castle Morne Lift
1044317030	Castle Morne Lift
1044327010	Castle Morne Rampart
1044327020	Castle Morne Rampart
1044327030	Castle Morne Rampart
1044327040	Castle Morne Rampart
1044337000	Ailing Village Outskirts
1044337020	South of the Lookout Tower
1044337030	South of the Lookout Tower
1044337040	Beside the Crater-Pocked Glade
1044337050	South of the Lookout Tower
1044337060	South of the Lookout Tower
1044337080	Ailing Village Outskirts
1044337100	Ailing Village Outskirts
1044337200	South of the Lookout Tower
1044337210	Isolated Merchant's Shack
1044347000	Bridge of Sacrifice
1044347010	Bridge of Sacrifice
1044347040	South of the Lookout Tower
1044347050	Bridge of Sacrifice
1044347060	Bridge of Sacrifice
1044347070	Bridge of Sacrifice
1044347080	Bridge of Sacrifice
1044347100	South of the Lookout Tower
1044357000	Agheel Lake South
1044357010	Agheel Lake South
1044357020	Agheel Lake South
1044357030	Agheel Lake South
1044357040	Agheel Lake South
1044357060	Agheel Lake South
1044357070	Agheel Lake South
1044357900	Agheel Lake South
1044367000	Waypoint Ruins Cellar
1044367010	Waypoint Ruins Cellar
1044367020	Waypoint Ruins Cellar
1044367030	Waypoint Ruins Cellar
1044367040	Waypoint Ruins Cellar
1044367100	Waypoint Ruins Cellar
1044367200	Isolated Merchant's Shack
1044367300	Waypoint Ruins Cellar
1044367310	Waypoint Ruins Cellar
1044367320	Waypoint Ruins Cellar
1044367330	Waypoint Ruins Cellar
1044367340	Waypoint Ruins Cellar
1044377010	Mistwood Outskirts
1044377020	Waypoint Ruins Cellar
1044377200	Waypoint Ruins Cellar
1044387010	Artist's Shack
1044387040	Murkwater Coast
1044387100	Murkwater Coast
1044527000	Capital Rampart
1044527010	Capital Rampart
1044527020	Hermit Merchant's Shack
1044537010	Hermit Merchant's Shack
1045337000	Beside the Crater-Pocked Glade
1045347000	Bridge of Sacrifice
1045357000	Fort Haight West
1045357020	Fort Haight West
1045357030	Fort Haight West
1045357040	Fort Haight West
1045357050	Fort Haight West
1045357060	Fort Haight West
1045357070	Fort Haight West
1045357080	Fort Haight West
1045357090	Fort Haight West
1045377000	Waypoint Ruins Cellar
1045377010	Waypoint Ruins Cellar
1045377050	Mistwood Outskirts
1045377060	Mistwood Outskirts
1045377070	Mistwood Outskirts
1045377080	Mistwood Outskirts
1045377090	Mistwood Outskirts
1045377100	Waypoint Ruins Cellar
1045387000	Mistwood Outskirts
1045387020	Summonwater Village Outskirts
1045387030	Summonwater Village Outskirts
1045387040	Summonwater Village Outskirts
1045387050	Summonwater Village Outskirts
1045387060	Summonwater Village Outskirts
1045387070	Summonwater Village Outskirts
1045387080	Summonwater Village Outskirts
1045397000	Summonwater Village Outskirts
1045397020	Summonwater Village Outskirts
1045397040	Summonwater Village Outskirts
1045397050	Third Church of Marika
1045397060	Third Church of Marika
1045397070	Summonwater Village Outskirts
1045397080	Third Church of Marika
1045397090	Third Church of Marika
1045397100	Summonwater Village Outskirts
1045397110	Third Church of Marika
1045397120	Summonwater Village Outskirts
1045397140	Summonwater Village Outskirts
1045527000	Altar South
1045527010	Capital Rampart
1045527020	Capital Rampart
1045527030	Capital Rampart
1046367000	Fort Haight West
1046367010	Fort Haight West
1046367030	Fort Haight West
1046367100	Fort Haight West
1046367500	Fort Haight West
1046377000	Third Church of Marika
1046387010	Fort Gael North
1046387100	Third Church of Marika
1046397000	Gael Tunnel
1046397010	Gael Tunnel
1046397020	Gael Tunnel
1046407000	Rotview Balcony
1046407010	Rotview Balcony
1046407020	Rotview Balcony
1046407040	Rotview Balcony
1046407060	Rotview Balcony
1046577300	Apostate Derelict
1046577800	Apostate Derelict
1047377000	Caelid Highway South
1047377010	Caelid Highway South
1047377020	Caelid Highway South
1047377030	Caelid Highway South
1047377040	Caelid Highway South
1047377050	Caelid Highway South
1047387010	Astray from Caelid Highway North
1047387030	Astray from Caelid Highway North
1047387040	Caelid Highway South
1047387070	Fort Gael North
1047387080	Fort Gael North
1047387100	Fort Gael North
1047387110	Fort Gael North
1047387120	Fort Gael North
1047387130	Fort Gael North
1047387900	Fort Gael North
1047387910	Astray from Caelid Highway North
1047387920	Fort Gael North
1047397000	Fort Gael North
1047397040	Smoldering Wall
1047397080	Smoldering Wall
1047407000	Rotview Balcony
1047407020	Rotview Balcony
1047407030	Isolated Merchant's Shack
1047407040	Caelem Ruins
1047407070	Caelem Ruins
1047407080	Caelem Ruins
1047407900	Caelem Ruins
1047407910	Rotview Balcony
1047407920	Morne Moangrave
1047517000	Forbidden Lands
1047517010	Forbidden Lands
1047517300	Forbidden Lands
1047557000	Yelough Anix Tunnel
1047557010	Yelough Anix Tunnel
1047557020	Yelough Anix Tunnel
1047557030	Yelough Anix Tunnel
1047557900	Yelough Anix Tunnel
1047567300	Yelough Anix Tunnel
1047567310	Yelough Anix Tunnel
1047567320	Altar South
1047567330	Yelough Anix Tunnel
1047577300	Apostate Derelict
1047577310	Apostate Derelict
1047587000	Apostate Derelict
1047587800	Apostate Derelict
1048377000	Southern Aeonia Swamp Bank
1048377020	Caelid Highway South
1048377030	Aeonia Swamp Shore
1048387000	Aeonia Swamp Shore
1048387010	Aeonia Swamp Shore
1048387020	Aeonia Swamp Shore
1048387030	Aeonia Swamp Shore
1048397000	Smoldering Wall
1048397010	Deep Siofra Well
1048397040	Smoldering Wall
1048397050	Deep Siofra Well
1048397900	Astray from Caelid Highway North
1048407010	Deep Siofra Well
1048407020	Deep Siofra Well
1048407030	Deep Siofra Well
1048407040	Smoldering Wall
1048407050	Caelem Ruins
1048407060	Caelem Ruins
1048407900	Caelem Ruins
1048517000	Grand Lift of Rold
1048547800	Consecrated Snowfield
1048547810	Consecrated Snowfield
1048547820	Consecrated Snowfield
1048547830	Consecrated Snowfield
1048547840	Consecrated Snowfield
1048557300	Yelough Anix Tunnel
1048557600	Yelough Anix Tunnel
1048557900	Altar South
1048567300	Inner Consecrated Snowfield
1048577000	Ordina, Liturgical Town
1048577010	Ordina, Liturgical Town
1048577020	Ordina, Liturgical Town
1048577030	Ordina, Liturgical Town
1048577040	Ordina, Liturgical Town
1048577050	Ordina, Liturgical Town
1048577060	Ordina, Liturgical Town
1048577070	Ordina, Liturgical Town
1048577080	Ordina, Liturgical Town
1048577090	Ordina, Liturgical Town
1048577300	Ordina, Liturgical Town
1048577310	Ordina, Liturgical Town
1048577800	Ordina, Liturgical Town
1048577810	Ordina, Liturgical Town
1048587300	Apostate Derelict
1049367000	Impassable Greatbridge
1049367010	Southern Aeonia Swamp Bank
1049377010	Southern Aeonia Swamp Bank
1049377020	Southern Aeonia Swamp Bank
1049377050	Southern Aeonia Swamp Bank
1049377070	Southern Aeonia Swamp Bank
1049387010	Heart of Aeonia
1049387020	Heart of Aeonia
1049387030	Southern Aeonia Swamp Bank
1049387040	Southern Aeonia Swamp Bank
1049387060	Southern Aeonia Swamp Bank
1049387070	Southern Aeonia Swamp Bank
1049387080	Heart of Aeonia
1049387110	Southern Aeonia Swamp Bank
1049387120	Southern Aeonia Swamp Bank
1049387800	Heart of Aeonia
1049397000	Sellia Under-Stair
1049397010	Sellia Under-Stair
1049397020	Sellia Under-Stair
1049397030	Sellia Under-Stair
1049397040	Sellia Under-Stair
1049397900	Chair-Crypt of Sellia
1049397910	Sellia Under-Stair
1049407000	Dragonbarrow West
1049407010	Dragonbarrow West
1049407020	Dragonbarrow West
1049407040	Deep Siofra Well
1049417040	Dragonbarrow West
1049417070	Dragonbarrow West
1049417080	Dragonbarrow West
1049417090	Dragonbarrow West
1049417100	Dragonbarrow Fork
1049527000	Grand Lift of Rold
1049527800	Grand Lift of Rold
1049537000	Zamor Ruins
1049537010	Zamor Ruins
1049537020	Zamor Ruins
1049537030	Zamor Ruins
1049537300	Zamor Ruins
1049537900	Zamor Ruins
1049547300	Consecrated Snowfield
1049547310	Consecrated Snowfield
1049547900	Altar South
1049557300	Inner Consecrated Snowfield
1049557310	Consecrated Snowfield Catacombs
1049557320	Consecrated Snowfield Catacombs
1049557330	Inner Consecrated Snowfield
1049557800	Consecrated Snowfield
1049557810	Consecrated Snowfield Catacombs
1049567300	Inner Consecrated Snowfield
1049567310	Inner Consecrated Snowfield
1049567320	Inner Consecrated Snowfield
1049567330	Ordina, Liturgical Town
1049567340	Inner Consecrated Snowfield
1049567350	Ordina, Liturgical Town
1050367000	Impassable Greatbridge
1050367900	Impassable Greatbridge
1050387000	Church of the Plague
1050387010	Church of the Plague
1050387020	Church of the Plague
1050397000	Sellia Under-Stair
1050397010	Sellia Under-Stair
1050397020	Sellia Backstreets
1050397030	Sellia Backstreets
1050397040	Sellia Backstreets
1050397050	Sellia Backstreets
1050397060	Church of the Plague
1050397070	Sellia Under-Stair
1050397090	Fort Faroth
1050397100	Sellia Backstreets
1050397900	Sellia Under-Stair
1050397910	Sellia Under-Stair
1050537000	Giants' Mountaintop Catacombs
1050537300	Giants' Mountaintop Catacombs
1050547000	Consecrated Snowfield Catacombs
1050547800	Giants' Mountaintop Catacombs
1050547810	Giants' Mountaintop Catacombs
1050557300	Consecrated Snowfield Catacombs
1050557310	Consecrated Snowfield Catacombs
1050557320	Consecrated Snowfield Catacombs
1050557800	Consecrated Snowfield Catacombs
1050557900	Consecrated Snowfield Catacombs
1050567300	Inner Consecrated Snowfield
1050567500	Ancient Snow Valley Ruins
1050567510	Ancient Snow Valley Ruins
1050567520	Ancient Snow Valley Ruins
1050567600	Consecrated Snowfield Catacombs
1050567620	Ancient Snow Valley Ruins
1050567800	Inner Consecrated Snowfield
1050567820	Consecrated Snowfield Catacombs
1050577300	Ordina, Liturgical Town
1050577800	Castle Sol Main Gate
1051357000	Chamber Outside the Plaza
1051367000	Chamber Outside the Plaza
1051367020	Chamber Outside the Plaza
1051367030	Chamber Outside the Plaza
1051367040	Chamber Outside the Plaza
1051367050	Chamber Outside the Plaza
1051367060	Chamber Outside the Plaza
1051367080	Chamber Outside the Plaza
1051367090	Chamber Outside the Plaza
1051367100	Redmane Castle Plaza
1051367110	Redmane Castle Plaza
1051367130	Chamber Outside the Plaza
1051367910	Chamber Outside the Plaza
1051387000	Starscourge Radahn
1051387010	Starscourge Radahn
1051387020	Starscourge Radahn
1051397040	Fort Faroth
1051397050	Fort Faroth
1051397060	Fort Faroth
1051397900	Fort Faroth
1051407040	Fort Faroth
1051417000	Bestial Sanctum
1051417010	Bestial Sanctum
1051417030	Bestial Sanctum
1051437020	Farum Greatbridge
1051537000	Church of Repose
1051537010	Foot of the Forge
1051537300	Giants' Mountaintop Catacombs
1051537600	Church of Repose
1051537800	Church of Repose
1051537810	Foot of the Forge
1051547000	Giants' Mountaintop Catacombs
1051547800	Foot of the Forge
1051557300	Consecrated Snowfield Catacombs
1051557310	Ancient Snow Valley Ruins
1051557320	Ancient Snow Valley Ruins
1051557330	Ancient Snow Valley Ruins
1051567020	Ancient Snow Valley Ruins
1051567030	Ancient Snow Valley Ruins
1051567300	Ancient Snow Valley Ruins
1051567310	Ancient Snow Valley Ruins
1051567320	Ancient Snow Valley Ruins
1051567800	Ancient Snow Valley Ruins
1051567810	Ancient Snow Valley Ruins
1051567900	Ancient Snow Valley Ruins
1051577000	Castle Sol Main Gate
1051577010	Castle Sol Main Gate
1051577020	Church of the Eclipse
1051577030	Church of the Eclipse
1051577040	Castle Sol Main Gate
1051577050	Castle Sol Rooftop
1051577060	Church of the Eclipse
1051577070	Castle Sol Main Gate
1051577080	Church of the Eclipse
1051577090	Church of the Eclipse
1051577100	Church of the Eclipse
1051577110	Castle Sol Main Gate
1051577120	Castle Sol Main Gate
1051577130	Castle Sol Main Gate
1051577140	Castle Sol Main Gate
1051577150	Church of the Eclipse
1051577160	Church of the Eclipse
1051577170	Church of the Eclipse
1051577180	Church of the Eclipse
1051577190	Church of the Eclipse
1051577200	Castle Sol Rooftop
1051577210	Church of the Eclipse
1051577220	Church of the Eclipse
1051577230	Snow Valley Ruins Overlook
1051577300	Castle Sol Rooftop
1051577600	Church of the Eclipse
1051587800	Castle Sol Rooftop
1052417000	Lenne's Rise
1052417010	Lenne's Rise
1052417020	Lenne's Rise
1052417030	Lenne's Rise
1052437000	Farum Greatbridge
1052537000	Foot of the Forge
1052537800	Foot of the Forge
1052547000	Giants' Gravepost
1052547010	Giants' Gravepost
1052547020	Giants' Gravepost
1052547800	Giants' Gravepost
1052557000	Whiteridge Road
1052557010	Whiteridge Road
1052557020	Whiteridge Road
1052557030	Whiteridge Road
1052557300	Whiteridge Road
1052557310	Whiteridge Road
1052557800	Whiteridge Road
1052557900	Whiteridge Road
1052567300	Whiteridge Road
1052567310	Snow Valley Ruins Overlook
1052577000	Freezing Lake
1052577300	Freezing Lake
1052577310	Freezing Lake
1052577800	Spiritcaller Cave
1052577810	Freezing Lake
1052577900	Spiritcaller Cave
1052587800	Castle Sol Rooftop
1052587810	Castle Sol Rooftop
1052587820	Castle Sol Rooftop
1053567300	Spiritcaller Cave
1053567310	First Church of Marika
1053567800	First Church of Marika
1053567810	First Church of Marika
1053577300	Spiritcaller Cave
1054557000	First Church of Marika
1054557310	First Church of Marika
1054557800	First Church of Marika
2044417000	Cliffroad Terminus
2044457000	Ancient Ruins, Grand Stairway
2044457010	Ancient Ruins, Grand Stairway
2044457020	Ancient Ruins, Grand Stairway
2044457900	Ancient Ruins, Grand Stairway
2044467000	Ancient Ruins, Grand Stairway
2044467010	Church of the Bud, Main Entrance
2044467020	Church of the Bud, Main Entrance
2044467030	Ancient Ruins, Grand Stairway
2044467040	Church of the Bud, Main Entrance
2044467050	Church of the Bud, Main Entrance
2044467060	Church of the Bud, Main Entrance
2044467070	Church of the Bud, Main Entrance
2044467080	Church of the Bud, Main Entrance
2044467110	Church of the Bud, Main Entrance
2044477000	Ravine North
2044477010	Ravine North
2044477020	Ravine North
2044477030	Ravine North
2044477040	Ravine North
2044477050	Ravine North
2044477900	Ravine North
2045417000	Cliffroad Terminus
2045417010	Cliffroad Terminus
2045417020	Cliffroad Terminus
2045417030	Cliffroad Terminus
2045417040	Cliffroad Terminus
2045417050	Cliffroad Terminus
2045417700	Cliffroad Terminus
2045417710	Cliffroad Terminus
2045417800	Cliffroad Terminus
2045417900	Cliffroad Terminus
2045427000	Main Gate Cross
2045427700	Main Gate Cross
2045437000	Greatbridge, North
2045437700	Greatbridge, North
2045447000	Greatbridge, North
2045447010	Greatbridge, North
2045447020	Greatbridge, North
2045457000	Ancient Ruins, Grand Stairway
2045457010	Temple Town Ruins
2045457020	Ancient Ruins, Grand Stairway
2045467000	Church of the Bud, Main Entrance
2045467020	Rauh Ancient Ruins, West
2045467040	Church of the Bud, Main Entrance
2045467050	Rauh Ancient Ruins, East
2045467060	Temple Town Ruins
2045467070	Ravine North
2045467080	Temple Town Ruins
2045467090	Ravine North
2045467900	Rauh Ancient Ruins, East
2045467910	Temple Town Ruins
2045477010	Rauh Ancient Ruins, East
2045477020	Rauh Ancient Ruins, East
2045477040	Ravine North
2045477050	Rauh Ancient Ruins, East
2045477060	Rauh Ancient Ruins, East
2045477070	Rauh Ancient Ruins, East
2045487000	Rauh Ancient Ruins, East
2046387000	Cerulean Coast West
2046387010	Cerulean Coast West
2046387020	Cerulean Coast West
2046387030	Cerulean Coast West
2046387040	Cerulean Coast West
2046387050	Cerulean Coast West
2046387070	Cerulean Coast West
2046397000	Cerulean Coast West
2046397020	Cerulean Coast West
2046397030	Cerulean Coast West
2046397040	Cerulean Coast West
2046397050	Cerulean Coast West
2046407000	Gravesite Plain
2046407040	Cerulean Coast West
2046407050	Gravesite Plain
2046407060	Gravesite Plain
2046407700	Gravesite Plain
2046427700	Three-Path Cross
2046437000	Castle Front
2046437010	Castle Front
2046437020	Castle Front
2046437040	Greatbridge, North
2046437700	Greatbridge, North
2046437710	Greatbridge, North
2046447000	Greatbridge, North
2046447010	Greatbridge, North
2046447020	Greatbridge, North
2046447030	Greatbridge, North
2046447050	Greatbridge, North
2046447060	Castle Front
2046447070	Greatbridge, North
2046447700	Greatbridge, North
2046447710	Greatbridge, North
2046447900	Greatbridge, North
2046457000	Temple Town Ruins
2046457020	Temple Town Ruins
2046457030	Temple Town Ruins
2046457040	Temple Town Ruins
2046457050	Temple Town Ruins
2046457060	Temple Town Ruins
2046457070	Temple Town Ruins
2046457720	Greatbridge, North
2046457910	Temple Town Ruins
2046457920	Temple Town Ruins
2046467000	Rauh Ancient Ruins, East
2046467010	Rauh Ancient Ruins, East
2046467020	Temple Town Ruins
2046467800	Scadu Altus, West
2046477000	Rauh Ancient Ruins, East
2046477010	Rauh Ancient Ruins, East
2046477020	Viaduct Minor Tower
2046477030	Rauh Ancient Ruins, East
2046477060	Rauh Ancient Ruins, East
2046477070	Rauh Ancient Ruins, East
2046477090	Viaduct Minor Tower
2046477100	Viaduct Minor Tower
2046477120	Viaduct Minor Tower
2046477130	Viaduct Minor Tower
2046477140	Rauh Ancient Ruins, East
2046477150	Rauh Ancient Ruins, East
2046477160	Rauh Ancient Ruins, East
2046477700	Viaduct Minor Tower
2046477720	Rauh Ancient Ruins, East
2046477750	Rauh Ancient Ruins, East
2046487000	Viaduct Minor Tower
2046487010	Viaduct Minor Tower
2047357000	The Fissure
2047367000	The Fissure
2047367010	The Fissure
2047377000	Cerulean Coast Cross
2047387000	Cerulean Coast West
2047387010	Cerulean Coast
2047397000	Cerulean Coast
2047397040	Cerulean Coast
2047397050	Cerulean Coast West
2047397080	Cerulean Coast
2047397090	Cerulean Coast
2047407000	Gravesite Plain
2047407010	Ellac River Downstream
2047407020	Ellac River Downstream
2047407030	Gravesite Plain
2047407100	Cerulean Coast West
2047407710	Scorched Ruins
2047407900	Gravesite Plain
2047417000	Scorched Ruins
2047417010	Scorched Ruins
2047417020	Scorched Ruins
2047417030	Scorched Ruins
2047417060	Scorched Ruins
2047417100	Ellac River Downstream
2047417110	Ellac River Downstream
2047417700	Scorched Ruins
2047417800	Scorched Ruins
2047427000	Ellac River Cave
2047427030	Ellac River Downstream
2047427040	Ellac River Cave
2047427700	Scorched Ruins
2047437000	Castle-Lord's Chamber
2047437010	Castle Front
2047437020	Castle Front
2047437030	Castle Front
2047437040	Ellac River Cave
2047437050	Ellac River Cave
2047437700	Ellac River Cave
2047447010	Castle Front
2047447020	Castle Front
2047447030	Castle Ensis Checkpoint
2047447040	Castle Ensis Checkpoint
2047447050	Castle Ensis Checkpoint
2047447060	Castle Ensis Checkpoint
2047447070	Castle Ensis Checkpoint
2047447080	Ensis Moongazing Grounds
2047447090	Castle Ensis Checkpoint
2047447100	Castle Front
2047447110	Castle Front
2047447120	Castle-Lord's Chamber
2047447130	Castle Ensis Checkpoint
2047447140	Castle Ensis Checkpoint
2047447150	Castle Ensis Checkpoint
2047447160	Castle Front
2047447170	Ensis Moongazing Grounds
2047447190	Castle Front
2047447200	Castle Ensis Checkpoint
2047447210	Castle Ensis Checkpoint
2047447600	Castle Ensis Checkpoint
2047447610	Castle Ensis Checkpoint
2047447620	Castle Ensis Checkpoint
2047447700	Castle-Lord's Chamber
2047447710	Castle Ensis Checkpoint
2047447720	Castle Ensis Checkpoint
2047447730	Castle Ensis Checkpoint
2047447750	Castle Front
2047447800	Castle Ensis Checkpoint
2047447820	Castle Ensis Checkpoint
2047447830	Castle Ensis Checkpoint
2047447840	Castle Front
2047457000	Scadu Altus, West
2047457010	Scadu Altus, West
2047457020	Scadu Altus, West
2047457040	Scadu Altus, West
2047457070	Scadu Altus, West
2047457080	Scadu Altus, West
2047457180	Castle Ensis Checkpoint
2047457800	Scadu Altus, West
2047457900	Scadu Altus, West
2047457910	Scadu Altus, West
2047457920	Scadu Altus, West
2047467000	Scadu Altus, West
2047467010	Ancient Ruins Base
2047467030	Ancient Ruins Base
2047467500	Scadu Altus, West
2047477000	Rauh Ancient Ruins, East
2047477010	Viaduct Minor Tower
2047477020	Viaduct Minor Tower
2047477030	Ancient Ruins Base
2047477040	Ancient Ruins Base
2047477050	Ancient Ruins Base
2047477070	Ancient Ruins Base
2047477900	Ancient Ruins Base
2048377010	Cerulean Coast Cross
2048377020	Cerulean Coast Cross
2048377030	Cerulean Coast Cross
2048377050	Cerulean Coast Cross
2048387000	Cerulean Coast
2048387010	Cerulean Coast Cross
2048387030	Charo's Hidden Grave
2048397000	Cerulean Coast
2048397010	Cerulean Coast
2048397020	Cerulean Coast
2048397030	Charo's Hidden Grave
2048397040	Grand Altar of Dragon Communion
2048397050	Charo's Hidden Grave
2048407000	Charo's Hidden Grave
2048407010	Ellac River Downstream
2048407020	Ellac River Downstream
2048417000	Ellac River Downstream
2048417010	Ellac River Downstream
2048417030	Scorched Ruins
2048417700	Ellac River Downstream
2048417800	Pillar Path Waypoint
2048427000	Pillar Path Waypoint
2048427020	Pillar Path Waypoint
2048427900	Pillar Path Waypoint
2048437000	Ellac River Cave
2048437010	Pillar Path Cross
2048437020	Pillar Path Cross
2048437030	Pillar Path Cross
2048437700	Pillar Path Cross
2048447000	Castle Ensis Checkpoint
2048447010	Castle-Lord's Chamber
2048447020	Castle-Lord's Chamber
2048447030	Castle Ensis Checkpoint
2048447040	Castle-Lord's Chamber
2048447050	Castle-Lord's Chamber
2048447060	Castle-Lord's Chamber
2048447070	Castle-Lord's Chamber
2048447080	Castle-Lord's Chamber
2048447500	Highroad Cross
2048447800	Castle-Lord's Chamber
2048447810	Castle-Lord's Chamber
2048457000	Highroad Cross
2048457510	Highroad Cross
2048457520	Moorth Ruins
2048467010	Ancient Ruins Base
2048467030	Castle Watering Hole
2048467040	Ancient Ruins Base
2048467050	Ancient Ruins Base
2048467060	Ancient Ruins Base
2048467090	Ancient Ruins Base
2048467500	Ancient Ruins Base
2048467510	Ancient Ruins Base
2049377000	Finger Ruins of Rhia
2049387000	Grand Altar of Dragon Communion
2049387010	Grand Altar of Dragon Communion
2049387020	Grand Altar of Dragon Communion
2049387030	Grand Altar of Dragon Communion
2049387060	Finger Ruins of Rhia
2049397000	Grand Altar of Dragon Communion
2049427000	Behind the Fort of Reprimand
2049427010	Divided Falls
2049437000	Moorth Highway, South
2049437200	Moorth Highway, South
2049437210	Fort of Reprimand
2049437220	Fort of Reprimand
2049437230	Behind the Fort of Reprimand
2049437240	Fort of Reprimand
2049437250	Fort of Reprimand
2049437260	Fort of Reprimand
2049437270	Behind the Fort of Reprimand
2049437280	Behind the Fort of Reprimand
2049437290	Fort of Reprimand
2049437300	Behind the Fort of Reprimand
2049437310	Fort of Reprimand
2049437320	Fort of Reprimand
2049437330	Fort of Reprimand
2049437340	Fort of Reprimand
2049437350	Fort of Reprimand
2049437360	Fort of Reprimand
2049437370	Fort of Reprimand
2049437380	Behind the Fort of Reprimand
2049437500	Behind the Fort of Reprimand
2049437520	Fort of Reprimand
2049437600	Behind the Fort of Reprimand
2049437620	Behind the Fort of Reprimand
2049447020	Bonny Village
2049447030	Bonny Village
2049447040	Moorth Ruins
2049447050	Bonny Village
2049447060	Bonny Village
2049447070	Moorth Highway, South
2049447090	Bonny Village
2049447500	Bonny Village
2049447530	Moorth Ruins
2049447900	Bonny Village
2049457000	Recluses' River Upstream
2049457010	Recluses' River Upstream
2049457050	Moorth Ruins
2049457200	Recluses' River Upstream
2049457500	Recluses' River Upstream
2049457510	Recluses' River Upstream
2049467010	Castle Watering Hole
2049467510	Castle Watering Hole
2049467520	Castle Watering Hole
2049467530	Castle Watering Hole
2049467540	Castle Watering Hole
2049467550	Castle Watering Hole
2049467560	Castle Watering Hole
2049467570	Castle Watering Hole
2049467580	Castle Watering Hole
2049467590	Castle Watering Hole
2049467600	Castle Watering Hole
2049467900	Castle Watering Hole
2049477000	Castle Watering Hole
2049477500	Castle Watering Hole
2049477510	Castle Watering Hole
2049487000	Shadow Keep, Back Gate
2049497500	Scaduview
2049497510	Scaduview
2049497520	Scaduview
2049497530	Scaduview
2049497540	Scaduview
2049497550	Scaduview
2050387000	Finger Ruins of Rhia
2050387010	Finger Ruins of Rhia
2050417010	Abyssal Woods
2050437000	Recluses' River Downstream
2050437010	Abyssal Woods
2050437040	Abyssal Woods
2050437220	Behind the Fort of Reprimand
2050437500	Scaduview Cross
2050437720	Bonny Village
2050447000	Recluses' River Downstream
2050447010	Recluses' River Downstream
2050447020	Bonny Village
2050447030	Bonny Village
2050447040	Recluses' River Downstream
2050447050	Bonny Village
2050447060	Bonny Village
2050447070	Recluses' River Downstream
2050447090	Bonny Village
2050447100	Bonny Village
2050447120	Recluses' River Downstream
2050447140	Recluses' River Downstream
2050447500	Bonny Village
2050447710	Recluses' River Downstream
2050447720	Recluses' River Downstream
2050447730	Recluses' River Downstream
2050457000	Recluses' River Upstream
2050457020	Recluses' River Downstream
2050457060	Recluses' River Upstream
2050457080	Recluses' River Upstream
2050457730	Recluses' River Upstream
2050467000	Castle Watering Hole
2050467020	Castle Watering Hole
2050467030	Castle Watering Hole
2050467040	Recluses' River Upstream
2050467700	Recluses' River Upstream
2050467710	Castle Watering Hole
2050467720	Castle Watering Hole
2050467730	Castle Watering Hole
2050467800	Church District Highroad
2050467900	Castle Watering Hole
2050467910	Castle Watering Hole
2050477010	Church District Highroad
2050477020	Church District Highroad
2051417000	Church Ruins
2051427000	Woodland Trail
2051447000	Recluses' River Downstream
2051447010	Recluses' River Downstream
2051447020	Bridge Leading to the Village
2051447030	Bridge Leading to the Village
2051447040	Recluses' River Downstream
2051457000	Cathedral of Manus Metyr
2051457530	Cathedral of Manus Metyr
2051467020	Church District Highroad
2051467500	Church District Highroad
2051467900	Church District Highroad
2051477010	Hinterland Bridge
2051477020	Hinterland Bridge
2051477030	Hinterland Bridge
2051477500	Hinterland Bridge
2051477510	Church District Highroad
2052407010	Church Ruins
2052417000	Church Ruins
2052417010	Church Ruins
2053397000	Jagged Peak Summit
2053397010	Jagged Peak Mountainside
2053397020	Jagged Peak Mountainside
2053407000	Jagged Peak Mountainside
2053417000	Church Ruins
2053417020	Church Ruins
2053417500	Church Ruins
2053487000	Fingerstone Hill
2053487010	Fingerstone Hill
