synthetic_flag	item	annotation	verdict	real_flag	evidence
110060	Smithing Stone [8]	MH/HC: Smithing Stone [8] - from main branch, go S take right fork then SE	AMBIGUOUS		"EVERY candidate real flag is ALREADY claimed by another AP location, so whichever one this phantom means, the check already exists -> the phantom row is redundant and DELETE is safe even though the exact counterpart is not pinned. 6 candidates [15007100,15007230,15007400,15007520,15007680,15007730]; unclaimed=[none]. 15007100: ItemLotParam_map ID=15000100 grants 'Smithing Stone [8]', slot getItemFlagId=15007100; lot is placed in map m15_00 (msb_flag_region) which belongs to AP region ""Miquella's Haligtree"" [annotation says: from main branch, go S take right fork then SE] ;; 15007230: ItemLotParam_map ID=15000230 grants 'Smithing Stone [8]', slot getItemFlagId=15007230; lot is placed in map m15_00 (msb_flag_region) which belongs to AP region ""Miquella's Haligtree"" [annotation says: from main branch, go S take right fork then SE] ;; 15007400: ItemLotParam_map ID=15000400 grants 'Smithing Stone [8]', slot getItemFlagId=15007400; lot is placed in map m15_00 (msb_flag_region) which belongs to AP region ""Miquella's Haligtree"" [annotation says: from main branch, go S take right fork then SE] ;; 15007520: ItemLotParam_map ID=15000520 grants 'Smithing Stone [8]', slot getItemFlagId=15007520; lot is placed in map m15_00 (msb_flag_region) which belongs to AP region ""Miquella's Haligtree"" [annotation says: from main branch, go S take right fork then SE] ;; 15007680: ItemLotParam_map ID=15000680 grants 'Smithing Stone [8]', slot getItemFlagId=15007680; lot is placed in map m15_00 (msb_flag_region) which belongs to AP region ""Miquella's Haligtree"" [annotation says: from main branch, go S take right fork then SE] ;; 15007730: ItemLotParam_map ID=15000730 grants 'Smithing Stone [8]', slot getItemFlagId=15007730; lot is placed in map m15_00 (msb_flag_region) which belongs to AP region ""Miquella's Haligtree"" [annotation says: from main branch, go S take right fork then SE]"
130310	Ghost Glovewort [2]	MA/(LER): Ghost Glovewort [2] - enemy drop middle of ruins	UNRECOVERABLE		no item lot grants 'Ghost Glovewort [2]' inside AP region 'Eternal Cities' (maps searched: m12_01,m12_02,m12_03,m12_04,m12_07,m12_08,m12_09) || the item IS granted by 10 lot(s) elsewhere: maps=[m40_02 x1,m61_44_47 x1]; 8 lot(s) have no MSB map binding at all (enemy/event lots) so they cannot be map-scoped || context: 0 existing AP location(s) already grant 'Ghost Glovewort [2]' in this region
130320	Ghost Glovewort [2]	MA/(LER): Ghost Glovewort [2] - enemy drop E ruins	UNRECOVERABLE		no item lot grants 'Ghost Glovewort [2]' inside AP region 'Eternal Cities' (maps searched: m12_01,m12_02,m12_03,m12_04,m12_07,m12_08,m12_09) || the item IS granted by 10 lot(s) elsewhere: maps=[m40_02 x1,m61_44_47 x1]; 8 lot(s) have no MSB map binding at all (enemy/event lots) so they cannot be map-scoped || context: 0 existing AP location(s) already grant 'Ghost Glovewort [2]' in this region
130790	Smithing Stone [8]	MA/(LER): Smithing Stone [8] x3 - in chest under illusory floor E ruins	UNRECOVERABLE		no item lot grants 'Smithing Stone [8]' inside AP region 'Eternal Cities' (maps searched: m12_01,m12_02,m12_03,m12_04,m12_07,m12_08,m12_09) || the item IS granted by 88 lot(s) elsewhere: maps=[m13_00 x10,m15_00 x6,m12_05 x2,m20_01 x2,m21_00 x2,m21_01 x1,m35_00 x1,m42_02 x1]; 51 lot(s) have no MSB map binding at all (enemy/event lots) so they cannot be map-scoped || context: 0 existing AP location(s) already grant 'Smithing Stone [8]' in this region
150060	Lump of Flesh	LG/SR: Lump of Flesh x3 - lower beach to W	AMBIGUOUS		EVERY candidate real flag is ALREADY claimed by another AP location, so whichever one this phantom means, the check already exists -> the phantom row is redundant and DELETE is safe even though the exact counterpart is not pinned. 3 candidates [1041397000,1042357000,1042387140]; unclaimed=[none]. 1041397000: ItemLotParam_map ID=1041390000 grants 'Lump of Flesh', slot getItemFlagId=1041397000; lot is placed in map m60_41_39 (lot-id map convention) which belongs to AP region 'Limgrave' [annotation says: lower beach to W] ;; 1042357000: ItemLotParam_map ID=1042350000 grants 'Lump of Flesh', slot getItemFlagId=1042357000; lot is placed in map m60_42_35 (msb_flag_region) which belongs to AP region 'Limgrave' [annotation says: lower beach to W] ;; 1042387140: ItemLotParam_map ID=1042380140 grants 'Lump of Flesh', slot getItemFlagId=1042387140; lot is placed in map m60_42_38 (msb_flag_region) which belongs to AP region 'Limgrave' [annotation says: lower beach to W]
150080	Furlcalling Finger Remedy	LG/(CE): Furlcalling Finger Remedy x5 - Kalé Shop	DUPLICATE	150050	ShopLineupParam ID=100505 equipId=150 equipType=3 eventFlag_forStock=150050; merchant block 100500-100599 stocks 7/7 of this merchant's phantom items || flag ALREADY CLAIMED by ap_id=7000439 (Furlcalling Finger Remedy, method=shop_multi) -> phantom row duplicates an existing AP location; fix = DELETE the phantom row
150090	Note: Flask of Wondrous Physick	LG/(CE): Note: Flask of Wondrous Physick - Kalé Shop	DUPLICATE	69620	ShopLineupParam ID=100500 equipId=8702 equipType=3 eventFlag_forStock=69620; merchant block 100500-100599 stocks 7/7 of this merchant's phantom items || flag ALREADY CLAIMED by ap_id=7000274 (Note: Flask of Wondrous Physick, method=shop_multi) -> phantom row duplicates an existing AP location; fix = DELETE the phantom row
150120	Note: Waypoint Ruins	LG/(CE): Note: Waypoint Ruins - Kalé Shop	DUPLICATE	69720	ShopLineupParam ID=100514 equipId=8712 equipType=3 eventFlag_forStock=69720; merchant block 100500-100599 stocks 7/7 of this merchant's phantom items || flag ALREADY CLAIMED by ap_id=7000283 (Note: Waypoint Ruins, method=shop_merchant) -> phantom row duplicates an existing AP location; fix = DELETE the phantom row
150140	Nomadic Warrior's Cookbook [1]	LG/(CE): Nomadic Warrior's Cookbook [1] - Kalé Shop	DUPLICATE	67000	ShopLineupParam ID=100502 equipId=9300 equipType=3 eventFlag_forStock=67000; merchant block 100500-100599 stocks 7/7 of this merchant's phantom items || flag ALREADY CLAIMED by ap_id=7000168 (Nomadic Warrior's Cookbook [1], method=shop_merchant) -> phantom row duplicates an existing AP location; fix = DELETE the phantom row
150210	Telescope	LG/(CE): Telescope - Kalé Shop	DUPLICATE	150130	ShopLineupParam ID=100513 equipId=2040 equipType=3 eventFlag_forStock=150130; merchant block 100500-100599 stocks 7/7 of this merchant's phantom items || flag ALREADY CLAIMED by ap_id=7000446 (Telescope, method=shop_merchant) -> phantom row duplicates an existing AP location; fix = DELETE the phantom row
150220	Nomadic Warrior's Cookbook [2]	LG/(CE): Nomadic Warrior's Cookbook [2] - Kalé Shop	DUPLICATE	67110	ShopLineupParam ID=100503 equipId=9311 equipType=3 eventFlag_forStock=67110; merchant block 100500-100599 stocks 7/7 of this merchant's phantom items || flag ALREADY CLAIMED by ap_id=7000178 (Nomadic Warrior's Cookbook [2], method=shop_merchant) -> phantom row duplicates an existing AP location; fix = DELETE the phantom row
150480	Bandit Mask	LG/SB: Bandit Mask - Nomadic Merchant to E	DUPLICATE	150460	ShopLineupParam ID=100546 equipId=1401000 equipType=1 eventFlag_forStock=150460; merchant block 100500-100599 stocks 3/3 of this merchant's phantom items || flag ALREADY CLAIMED by ap_id=7000457 (Bandit Mask, method=shop_merchant) -> phantom row duplicates an existing AP location; fix = DELETE the phantom row
150490	Pickled Turtle Neck	LG/SB: Pickled Turtle Neck x3 - Nomadic Merchant to E	DUPLICATE	150410	ShopLineupParam ID=100541 equipId=1100 equipType=3 eventFlag_forStock=150410; merchant block 100500-100599 stocks 3/3 of this merchant's phantom items || flag ALREADY CLAIMED by ap_id=7000454 (Pickled Turtle Neck, method=shop_merchant) -> phantom row duplicates an existing AP location; fix = DELETE the phantom row
150500	Note: Flame Chariots	LG/SB: Note: Flame Chariots - Nomadic Merchant to E	DUPLICATE	69670	ShopLineupParam ID=100539 equipId=8707 equipType=3 eventFlag_forStock=69670; merchant block 100500-100599 stocks 3/3 of this merchant's phantom items || flag ALREADY CLAIMED by ap_id=7000278 (Note: Flame Chariots, method=shop_merchant) -> phantom row duplicates an existing AP location; fix = DELETE the phantom row
150550	St. Trina's Arrow	LG/ME: St. Trina's Arrow x10 - Nomadic Merchant S of ME	AMBIGUOUS	150660	only 1 of 2 candidates is unclaimed (150660) - plausible but NOT proven; needs placement disambiguation. 2 candidates [150660,160890]; unclaimed=[150660]. 150660: ShopLineupParam ID=100566 equipId=50040000 equipType=0 eventFlag_forStock=150660; merchant block NOT inferred - searched all shops ;; 160890: ShopLineupParam ID=100689 equipId=50040000 equipType=0 eventFlag_forStock=160890; merchant block NOT inferred - searched all shops
150960	Stanching Boluses	LG/CC: Stanching Boluses x3 - Nomadic Merchant SE of CC	DUPLICATE	150930	ShopLineupParam ID=100593 equipId=910 equipType=3 eventFlag_forStock=150930; merchant block 100500-100599 stocks 3/3 of this merchant's phantom items || flag ALREADY CLAIMED by ap_id=7000477 (Stanching Boluses, method=shop_multi) -> phantom row duplicates an existing AP location; fix = DELETE the phantom row
150970	Stimulating Boluses	LG/CC: Stimulating Boluses x2 - Nomadic Merchant SE of CC	DUPLICATE	150940	ShopLineupParam ID=100594 equipId=930 equipType=3 eventFlag_forStock=150940; merchant block 100500-100599 stocks 3/3 of this merchant's phantom items || flag ALREADY CLAIMED by ap_id=7000478 (Stimulating Boluses, method=shop_multi) -> phantom row duplicates an existing AP location; fix = DELETE the phantom row
150980	Note: Stonedigger Trolls	LG/CC: Note: Stonedigger Trolls - Nomadic Merchant SE of CC	DUPLICATE	69630	ShopLineupParam ID=100576 equipId=8703 equipType=3 eventFlag_forStock=69630; merchant block 100500-100599 stocks 3/3 of this merchant's phantom items || flag ALREADY CLAIMED by ap_id=7000275 (Note: Stonedigger Trolls, method=shop_multi) -> phantom row duplicates an existing AP location; fix = DELETE the phantom row
160250	Golden Rune [5]	WP/WR: Golden Rune [5] - W of WR on beach	DUPLICATE	1041337010	ItemLotParam_map ID=1041330010 grants 'Golden Rune [5]', slot getItemFlagId=1041337010; lot is placed in map m60_41_33 (lot-id map convention) which belongs to AP region 'Weeping Peninsula' [annotation says: W of WR on beach] || flag ALREADY CLAIMED by ap_id=7003983 (Golden Rune [5], method=global_filler) -> phantom row duplicates an existing AP location; fix = DELETE the phantom row
160260	Great Dragonfly Head	WP/(WR): Great Dragonfly Head - within ruins	AMBIGUOUS		EVERY candidate real flag is ALREADY claimed by another AP location, so whichever one this phantom means, the check already exists -> the phantom row is redundant and DELETE is safe even though the exact counterpart is not pinned. 2 candidates [1041337030,1042327000]; unclaimed=[none]. 1041337030: ItemLotParam_map ID=1041330030 grants 'Great Dragonfly Head', slot getItemFlagId=1041337030; lot is placed in map m60_41_33 (lot-id map convention) which belongs to AP region 'Weeping Peninsula' [annotation says: within ruins] ;; 1042327000: ItemLotParam_map ID=1042320000 grants 'Great Dragonfly Head', slot getItemFlagId=1042327000; lot is placed in map m60_42_32 (msb_flag_region) which belongs to AP region 'Weeping Peninsula' [annotation says: within ruins]
160350	Ash of War: Barbaric Roar	LL/RVV: Ash of War: Barbaric Roar - scarab to N	DUPLICATE	540224	ItemLotParam_map ID=40224 is the ONLY lot in the entire game that grants 'Ash of War: Barbaric Roar' (slot getItemFlagId=540224, map=m60_37_51) -> placement proven by global uniqueness; note the phantom is filed under AP region 'Liurnia of the Lakes' while the real check's map resolves to 'Altus Plateau' || flag ALREADY CLAIMED by ap_id=7001276 (Ash of War: Barbaric Roar, method=emevd) -> phantom row duplicates an existing AP location; fix = DELETE the phantom row
160530	Fire Grease	SSG/UR: Fire Grease x5 - to left down ladder, to right up pipe on big platform	AMBIGUOUS		EVERY candidate real flag is ALREADY claimed by another AP location, so whichever one this phantom means, the check already exists -> the phantom row is redundant and DELETE is safe even though the exact counterpart is not pinned. 2 candidates [35007260,35007390]; unclaimed=[none]. 35007260: ItemLotParam_map ID=35000260 grants 'Fire Grease', slot getItemFlagId=35007260; lot is placed in map m35_00 (msb_flag_region) which belongs to AP region 'Altus Plateau' [annotation says: to left down ladder, to right up pipe on big platform] ;; 35007390: ItemLotParam_map ID=35000390 grants 'Fire Grease', slot getItemFlagId=35007390; lot is placed in map m35_00 (msb_flag_region) which belongs to AP region 'Altus Plateau' [annotation says: to left down ladder, to right up pipe on big platform]
160770	Smithing Stone [5]	RLA/SC: Smithing Stone [5] - below cog elevator item 1	AMBIGUOUS		EVERY candidate real flag is ALREADY claimed by another AP location, so whichever one this phantom means, the check already exists -> the phantom row is redundant and DELETE is safe even though the exact counterpart is not pinned. 3 candidates [1038507000,14007300,14007480]; unclaimed=[none]. 1038507000: ItemLotParam_map ID=1038500000 grants 'Smithing Stone [5]', slot getItemFlagId=1038507000; lot is placed in map m60_38_50 (msb_flag_region) which belongs to AP region 'Liurnia of the Lakes' [annotation says: below cog elevator item 1] ;; 14007300: ItemLotParam_map ID=14000300 grants 'Smithing Stone [5]', slot getItemFlagId=14007300; lot is placed in map m14_00 (msb_flag_region) which belongs to AP region 'Liurnia of the Lakes' [annotation says: below cog elevator item 1] ;; 14007480: ItemLotParam_map ID=14000480 grants 'Smithing Stone [5]', slot getItemFlagId=14007480; lot is placed in map m14_00 (msb_flag_region) which belongs to AP region 'Liurnia of the Lakes' [annotation says: below cog elevator item 1]
160960	Golden Rune [3]	RLA/SC: Golden Rune [3] - down cog elevator, to NW item 1	AMBIGUOUS		EVERY candidate real flag is ALREADY claimed by another AP location, so whichever one this phantom means, the check already exists -> the phantom row is redundant and DELETE is safe even though the exact counterpart is not pinned. 31 candidates [1034477120,1034477130,1034477160,1034477180,1034477190,1034507010,1034507050,1034507060,1034507080,1035447030,1035447100,1035507060,1036507010,1037427000,1037437000,1037487010,1037487020,1037487050,1037487080,1038497040,1039417000,1039427030,1039437040,1039437060,14007280,14007510,14007750,30067020,31047000,32027020,34117010]; unclaimed=[none]. 1034477120: ItemLotParam_map ID=1034471020 grants 'Golden Rune [3]', slot getItemFlagId=1034477120; lot is placed in map m60_34_47 (msb_flag_region) which belongs to AP region 'Liurnia of the Lakes' [annotation says: down cog elevator, to NW item 1] ;; 1034477130: ItemLotParam_map ID=1034471030 grants 'Golden Rune [3]', slot getItemFlagId=1034477130; lot is placed in map m60_34_47 (msb_flag_region) which belongs to AP region 'Liurnia of the Lakes' [annotation says: down cog elevator, to NW item 1] ;; 1034477160: ItemLotParam_map ID=1034471060 grants 'Golden Rune [3]', slot getItemFlagId=1034477160; lot is placed in map m60_34_47 (msb_flag_region) which belongs to AP region 'Liurnia of the Lakes' [annotation says: down cog elevator, to NW item 1] ;; 1034477180: ItemLotParam_map ID=1034471080 grants 'Golden Rune [3]', slot getItemFlagId=1034477180; lot is placed in map m60_34_47 (msb_flag_region) which belongs to AP region 'Liurnia of the Lakes' [annotation says: down cog elevator, to NW item 1] ;; 1034477190: ItemLotParam_map ID=1034471090 grants 'Golden Rune [3]', slot getItemFlagId=1034477190; lot is placed in map m60_34_47 (msb_flag_region) which belongs to AP region 'Liurnia of the Lakes' [annotation says: down cog elevator, to NW item 1] ;; 1034507010: ItemLotParam_map ID=1034500010 grants 'Golden Rune [3]', slot getItemFlagId=1034507010; lot is placed in map m60_34_50 (msb_flag_region) which belongs to AP region 'Liurnia of the Lakes' [annotation says: down cog elevator, to NW item 1] ;; 1034507050: ItemLotParam_map ID=1034500050 grants 'Golden Rune [3]', slot getItemFlagId=1034507050; lot is placed in map m60_34_50 (msb_flag_region) which belongs to AP region 'Liurnia of the Lakes' [annotation says: down cog elevator, to NW item 1] ;; 1034507060: ItemLotParam_map ID=1034500060 grants 'Golden Rune [3]', slot getItemFlagId=1034507060; lot is placed in map m60_34_50 (msb_flag_region) which belongs to AP region 'Liurnia of the Lakes' [annotation says: down cog elevator, to NW item 1] ;; 1034507080: ItemLotParam_map ID=1034500080 grants 'Golden Rune [3]', slot getItemFlagId=1034507080; lot is placed in map m60_34_50 (msb_flag_region) which belongs to AP region 'Liurnia of the Lakes' [annotation says: down cog elevator, to NW item 1] ;; 1035447030: ItemLotParam_map ID=1035440030 grants 'Golden Rune [3]', slot getItemFlagId=1035447030; lot is placed in map m60_35_44 (msb_flag_region) which belongs to AP region 'Liurnia of the Lakes' [annotation says: down cog elevator, to NW item 1] ;; 1035447100: ItemLotParam_map ID=1035440100 grants 'Golden Rune [3]', slot getItemFlagId=1035447100; lot is placed in map m60_35_44 (msb_flag_region) which belongs to AP region 'Liurnia of the Lakes' [annotation says: down cog elevator, to NW item 1] ;; 1035507060: ItemLotParam_map ID=1035500060 grants 'Golden Rune [3]', slot getItemFlagId=1035507060; lot is placed in map m60_35_50 (lot-id map convention) which belongs to AP region 'Liurnia of the Lakes' [annotation says: down cog elevator, to NW item 1] ;; 1036507010: ItemLotParam_map ID=1036500010 grants 'Golden Rune [3]', slot getItemFlagId=1036507010; lot is placed in map m60_36_50 (lot-id map convention) which belongs to AP region 'Liurnia of the Lakes' [annotation says: down cog elevator, to NW item 1] ;; 1037427000: ItemLotParam_map ID=1037420000 grants 'Golden Rune [3]', slot getItemFlagId=1037427000; lot is placed in map m60_37_42 (lot-id map convention) which belongs to AP region 'Liurnia of the Lakes' [annotation says: down cog elevator, to NW item 1] ;; 1037437000: ItemLotParam_map ID=1037430000 grants 'Golden Rune [3]', slot getItemFlagId=1037437000; lot is placed in map m60_37_43 (lot-id map convention) which belongs to AP region 'Liurnia of the Lakes' [annotation says: down cog elevator, to NW item 1] ;; 1037487010: ItemLotParam_map ID=1037480010 grants 'Golden Rune [3]', slot getItemFlagId=1037487010; lot is placed in map m60_37_48 (msb_flag_region) which belongs to AP region 'Liurnia of the Lakes' [annotation says: down cog elevator, to NW item 1] ;; 1037487020: ItemLotParam_map ID=1037480020 grants 'Golden Rune [3]', slot getItemFlagId=1037487020; lot is placed in map m60_37_48 (msb_flag_region) which belongs to AP region 'Liurnia of the Lakes' [annotation says: down cog elevator, to NW item 1] ;; 1037487050: ItemLotParam_map ID=1037480050 grants 'Golden Rune [3]', slot getItemFlagId=1037487050; lot is placed in map m60_37_48 (msb_flag_region) which belongs to AP region 'Liurnia of the Lakes' [annotation says: down cog elevator, to NW item 1] ;; 1037487080: ItemLotParam_map ID=1037480080 grants 'Golden Rune [3]', slot getItemFlagId=1037487080; lot is placed in map m60_37_48 (msb_flag_region) which belongs to AP region 'Liurnia of the Lakes' [annotation says: down cog elevator, to NW item 1] ;; 1038497040: ItemLotParam_map ID=1038490040 grants 'Golden Rune [3]', slot getItemFlagId=1038497040; lot is placed in map m60_38_49 (lot-id map convention) which belongs to AP region 'Liurnia of the Lakes' [annotation says: down cog elevator, to NW item 1] ;; 1039417000: ItemLotParam_map ID=1039410000 grants 'Golden Rune [3]', slot getItemFlagId=1039417000; lot is placed in map m60_39_41 (lot-id map convention) which belongs to AP region 'Liurnia of the Lakes' [annotation says: down cog elevator, to NW item 1] ;; 1039427030: ItemLotParam_map ID=1039420030 grants 'Golden Rune [3]', slot getItemFlagId=1039427030; lot is placed in map m60_39_42 (msb_flag_region) which belongs to AP region 'Liurnia of the Lakes' [annotation says: down cog elevator, to NW item 1] ;; 1039437040: ItemLotParam_map ID=1039430040 grants 'Golden Rune [3]', slot getItemFlagId=1039437040; lot is placed in map m60_39_43 (msb_flag_region) which belongs to AP region 'Liurnia of the Lakes' [annotation says: down cog elevator, to NW item 1] ;; 1039437060: ItemLotParam_map ID=1039430060 grants 'Golden Rune [3]', slot getItemFlagId=1039437060; lot is placed in map m60_39_43 (msb_flag_region) which belongs to AP region 'Liurnia of the Lakes' [annotation says: down cog elevator, to NW item 1] ;; 14007280: ItemLotParam_map ID=14000280 grants 'Golden Rune [3]', slot getItemFlagId=14007280; lot is placed in map m14_00 (msb_flag_region) which belongs to AP region 'Liurnia of the Lakes' [annotation says: down cog elevator, to NW item 1] ;; 14007510: ItemLotParam_map ID=14000510 grants 'Golden Rune [3]', slot getItemFlagId=14007510; lot is placed in map m14_00 (msb_flag_region) which belongs to AP region 'Liurnia of the Lakes' [annotation says: down cog elevator, to NW item 1] ;; 14007750: ItemLotParam_map ID=14000750 grants 'Golden Rune [3]', slot getItemFlagId=14007750; lot is placed in map m14_00 (msb_flag_region) which belongs to AP region 'Liurnia of the Lakes' [annotation says: down cog elevator, to NW item 1] ;; 30067020: ItemLotParam_map ID=30060020 grants 'Golden Rune [3]', slot getItemFlagId=30067020; lot is placed in map m30_06 (lot-id map convention) which belongs to AP region 'Liurnia of the Lakes' [annotation says: down cog elevator, to NW item 1] ;; 31047000: ItemLotParam_map ID=31040000 grants 'Golden Rune [3]', slot getItemFlagId=31047000; lot is placed in map m31_04 (msb_flag_region) which belongs to AP region 'Liurnia of the Lakes' [annotation says: down cog elevator, to NW item 1] ;; 32027020: ItemLotParam_map ID=32020020 grants 'Golden Rune [3]', slot getItemFlagId=32027020; lot is placed in map m32_02 (msb_flag_region) which belongs to AP region 'Liurnia of the Lakes' [annotation says: down cog elevator, to NW item 1] ;; 34117010: ItemLotParam_map ID=34110010 grants 'Golden Rune [3]', slot getItemFlagId=34117010; lot is placed in map m34_11 (msb_flag_region) which belongs to AP region 'Liurnia of the Lakes' [annotation says: down cog elevator, to NW item 1]
160970	Avionette Soldier Ashes	RLA/SC: Avionette Soldier Ashes - down cog elevator, to NW item 2	DUPLICATE	14007290	ItemLotParam_map ID=14000290 grants 'Avionette Soldier Ashes', slot getItemFlagId=14007290; lot is placed in map m14_00 (msb_flag_region) which belongs to AP region 'Liurnia of the Lakes' [annotation says: down cog elevator, to NW item 2] || flag ALREADY CLAIMED by ap_id=7002197 (Avionette Soldier Ashes, method=treasure) -> phantom row duplicates an existing AP location; fix = DELETE the phantom row
170070	Crystal Dart	LL/CFT: Crystal Dart x3 - SW under CFT	AMBIGUOUS		EVERY candidate real flag is ALREADY claimed by another AP location, so whichever one this phantom means, the check already exists -> the phantom row is redundant and DELETE is safe even though the exact counterpart is not pinned. 6 candidates [1035507070,1039427010,1039487000,14007330,14007520,14007620]; unclaimed=[none]. 1035507070: ItemLotParam_map ID=1035500070 grants 'Crystal Dart', slot getItemFlagId=1035507070; lot is placed in map m60_35_50 (lot-id map convention) which belongs to AP region 'Liurnia of the Lakes' [annotation says: SW under CFT] ;; 1039427010: ItemLotParam_map ID=1039420010 grants 'Crystal Dart', slot getItemFlagId=1039427010; lot is placed in map m60_39_42 (msb_flag_region) which belongs to AP region 'Liurnia of the Lakes' [annotation says: SW under CFT] ;; 1039487000: ItemLotParam_map ID=1039480000 grants 'Crystal Dart', slot getItemFlagId=1039487000; lot is placed in map m60_39_48 (msb_flag_region) which belongs to AP region 'Liurnia of the Lakes' [annotation says: SW under CFT] ;; 14007330: ItemLotParam_map ID=14000330 grants 'Crystal Dart', slot getItemFlagId=14007330; lot is placed in map m14_00 (msb_flag_region) which belongs to AP region 'Liurnia of the Lakes' [annotation says: SW under CFT] ;; 14007520: ItemLotParam_map ID=14000520 grants 'Crystal Dart', slot getItemFlagId=14007520; lot is placed in map m14_00 (msb_flag_region) which belongs to AP region 'Liurnia of the Lakes' [annotation says: SW under CFT] ;; 14007620: ItemLotParam_map ID=14000620 grants 'Crystal Dart', slot getItemFlagId=14007620; lot is placed in map m14_00 (msb_flag_region) which belongs to AP region 'Liurnia of the Lakes' [annotation says: SW under CFT]
170080	Golden Rune [4]	RLA/CC: Golden Rune [4] - outside, S after bridge, drop down off ledge, to E in corner	AMBIGUOUS		EVERY candidate real flag is ALREADY claimed by another AP location, so whichever one this phantom means, the check already exists -> the phantom row is redundant and DELETE is safe even though the exact counterpart is not pinned. 21 candidates [1034477200,1034477220,1034507020,1035447020,1035447050,1035507010,1035507170,1037447000,1037487070,1038427010,1039507020,14007200,14007250,14007350,14007450,14007470,14007530,14007600,14007710,31047010,34117060]; unclaimed=[none]. 1034477200: ItemLotParam_map ID=1034471100 grants 'Golden Rune [4]', slot getItemFlagId=1034477200; lot is placed in map m60_34_47 (msb_flag_region) which belongs to AP region 'Liurnia of the Lakes' [annotation says: outside, S after bridge, drop down off ledge, to E in corner] ;; 1034477220: ItemLotParam_map ID=1034471120 grants 'Golden Rune [4]', slot getItemFlagId=1034477220; lot is placed in map m60_34_47 (msb_flag_region) which belongs to AP region 'Liurnia of the Lakes' [annotation says: outside, S after bridge, drop down off ledge, to E in corner] ;; 1034507020: ItemLotParam_map ID=1034500020 grants 'Golden Rune [4]', slot getItemFlagId=1034507020; lot is placed in map m60_34_50 (msb_flag_region) which belongs to AP region 'Liurnia of the Lakes' [annotation says: outside, S after bridge, drop down off ledge, to E in corner] ;; 1035447020: ItemLotParam_map ID=1035440020 grants 'Golden Rune [4]', slot getItemFlagId=1035447020; lot is placed in map m60_35_44 (msb_flag_region) which belongs to AP region 'Liurnia of the Lakes' [annotation says: outside, S after bridge, drop down off ledge, to E in corner] ;; 1035447050: ItemLotParam_map ID=1035440050 grants 'Golden Rune [4]', slot getItemFlagId=1035447050; lot is placed in map m60_35_44 (msb_flag_region) which belongs to AP region 'Liurnia of the Lakes' [annotation says: outside, S after bridge, drop down off ledge, to E in corner] ;; 1035507010: ItemLotParam_map ID=1035500010 grants 'Golden Rune [4]', slot getItemFlagId=1035507010; lot is placed in map m60_35_50 (lot-id map convention) which belongs to AP region 'Liurnia of the Lakes' [annotation says: outside, S after bridge, drop down off ledge, to E in corner] ;; 1035507170: ItemLotParam_map ID=1035500170 grants 'Golden Rune [4]', slot getItemFlagId=1035507170; lot is placed in map m60_35_50 (lot-id map convention) which belongs to AP region 'Liurnia of the Lakes' [annotation says: outside, S after bridge, drop down off ledge, to E in corner] ;; 1037447000: ItemLotParam_map ID=1037440000 grants 'Golden Rune [4]', slot getItemFlagId=1037447000; lot is placed in map m60_37_44 (msb_flag_region) which belongs to AP region 'Liurnia of the Lakes' [annotation says: outside, S after bridge, drop down off ledge, to E in corner] ;; 1037487070: ItemLotParam_map ID=1037480070 grants 'Golden Rune [4]', slot getItemFlagId=1037487070; lot is placed in map m60_37_48 (msb_flag_region) which belongs to AP region 'Liurnia of the Lakes' [annotation says: outside, S after bridge, drop down off ledge, to E in corner] ;; 1038427010: ItemLotParam_map ID=1038420010 grants 'Golden Rune [4]', slot getItemFlagId=1038427010; lot is placed in map m60_38_42 (msb_flag_region) which belongs to AP region 'Liurnia of the Lakes' [annotation says: outside, S after bridge, drop down off ledge, to E in corner] ;; 1039507020: ItemLotParam_map ID=1039500020 grants 'Golden Rune [4]', slot getItemFlagId=1039507020; lot is placed in map m60_39_50 (lot-id map convention) which belongs to AP region 'Liurnia of the Lakes' [annotation says: outside, S after bridge, drop down off ledge, to E in corner] ;; 14007200: ItemLotParam_map ID=14000200 grants 'Golden Rune [4]', slot getItemFlagId=14007200; lot is placed in map m14_00 (msb_flag_region) which belongs to AP region 'Liurnia of the Lakes' [annotation says: outside, S after bridge, drop down off ledge, to E in corner] ;; 14007250: ItemLotParam_map ID=14000250 grants 'Golden Rune [4]', slot getItemFlagId=14007250; lot is placed in map m14_00 (msb_flag_region) which belongs to AP region 'Liurnia of the Lakes' [annotation says: outside, S after bridge, drop down off ledge, to E in corner] ;; 14007350: ItemLotParam_map ID=14000350 grants 'Golden Rune [4]', slot getItemFlagId=14007350; lot is placed in map m14_00 (msb_flag_region) which belongs to AP region 'Liurnia of the Lakes' [annotation says: outside, S after bridge, drop down off ledge, to E in corner] ;; 14007450: ItemLotParam_map ID=14000450 grants 'Golden Rune [4]', slot getItemFlagId=14007450; lot is placed in map m14_00 (msb_flag_region) which belongs to AP region 'Liurnia of the Lakes' [annotation says: outside, S after bridge, drop down off ledge, to E in corner] ;; 14007470: ItemLotParam_map ID=14000470 grants 'Golden Rune [4]', slot getItemFlagId=14007470; lot is placed in map m14_00 (msb_flag_region) which belongs to AP region 'Liurnia of the Lakes' [annotation says: outside, S after bridge, drop down off ledge, to E in corner] ;; 14007530: ItemLotParam_map ID=14000530 grants 'Golden Rune [4]', slot getItemFlagId=14007530; lot is placed in map m14_00 (msb_flag_region) which belongs to AP region 'Liurnia of the Lakes' [annotation says: outside, S after bridge, drop down off ledge, to E in corner] ;; 14007600: ItemLotParam_map ID=14000600 grants 'Golden Rune [4]', slot getItemFlagId=14007600; lot is placed in map m14_00 (msb_flag_region) which belongs to AP region 'Liurnia of the Lakes' [annotation says: outside, S after bridge, drop down off ledge, to E in corner] ;; 14007710: ItemLotParam_map ID=14000710 grants 'Golden Rune [4]', slot getItemFlagId=14007710; lot is placed in map m14_00 (msb_flag_region) which belongs to AP region 'Liurnia of the Lakes' [annotation says: outside, S after bridge, drop down off ledge, to E in corner] ;; 31047010: ItemLotParam_map ID=31040010 grants 'Golden Rune [4]', slot getItemFlagId=31047010; lot is placed in map m31_04 (msb_flag_region) which belongs to AP region 'Liurnia of the Lakes' [annotation says: outside, S after bridge, drop down off ledge, to E in corner] ;; 34117060: ItemLotParam_map ID=34110060 grants 'Golden Rune [4]', slot getItemFlagId=34117060; lot is placed in map m34_11 (msb_flag_region) which belongs to AP region 'Liurnia of the Lakes' [annotation says: outside, S after bridge, drop down off ledge, to E in corner]
170500	Ritual Pot	LL/(CM): Ritual Pot - Pidia shop	DUPLICATE	66450	ShopLineupParam ID=100326 equipId=9501 equipType=3 eventFlag_forStock=66450; merchant block 100300-100399 stocks 2/2 of this merchant's phantom items || flag ALREADY CLAIMED by ap_id=7000143 (Ritual Pot, method=emevd) -> phantom row duplicates an existing AP location; fix = DELETE the phantom row
170540	Glintstone Craftsman's Cookbook [7]	LL/(CM): Glintstone Craftsman's Cookbook [7] - Pidia shop	DUPLICATE	67470	ShopLineupParam ID=100325 equipId=9347 equipType=3 eventFlag_forStock=67470; merchant block 100300-100399 stocks 2/2 of this merchant's phantom items || flag ALREADY CLAIMED by ap_id=7000199 (Glintstone Craftsman's Cookbook [7], method=emevd) -> phantom row duplicates an existing AP location; fix = DELETE the phantom row
170550	Ghost Glovewort [4]	TSC/SCIG: Ghost Glovewort [4] - enemy drop to E middle courtyard	UNRECOVERABLE		no item lot grants 'Ghost Glovewort [4]' inside AP region 'Eternal Cities' (maps searched: m12_01,m12_02,m12_03,m12_04,m12_07,m12_08,m12_09) || the item IS granted by 14 lot(s) elsewhere: maps=[m40_00 x1,m40_02 x1,m61_44 x1]; 11 lot(s) have no MSB map binding at all (enemy/event lots) so they cannot be map-scoped || context: 0 existing AP location(s) already grant 'Ghost Glovewort [4]' in this region
170560	Ghost Glovewort [4]	TSC/SCR: Ghost Glovewort [4] - enemy drop SW inner swamp, N end behind tree	UNRECOVERABLE		no item lot grants 'Ghost Glovewort [4]' inside AP region 'Eternal Cities' (maps searched: m12_01,m12_02,m12_03,m12_04,m12_07,m12_08,m12_09) || the item IS granted by 14 lot(s) elsewhere: maps=[m40_00 x1,m40_02 x1,m61_44 x1]; 11 lot(s) have no MSB map binding at all (enemy/event lots) so they cannot be map-scoped || context: 0 existing AP location(s) already grant 'Ghost Glovewort [4]' in this region
170570	Rot Grease	TSC/SCIG: Rot Grease x3 - to E middle courtyard	DUPLICATE	12017110	ItemLotParam_map ID=12010110 grants 'Rot Grease', slot getItemFlagId=12017110; lot is placed in map m12_01 (msb_flag_region) which belongs to AP region 'Eternal Cities' [annotation says: to E middle courtyard] || flag ALREADY CLAIMED by ap_id=7001694 (Rot Grease, method=treasure) -> phantom row duplicates an existing AP location; fix = DELETE the phantom row
180270	Traveler's Hat	CL/(SSR): Traveler's Hat - in raised ruin	DUPLICATE	1048387010	"ItemLotParam_map ID=1048380011 grants ""Traveler's Hat"", slot getItemFlagId=1048387010; lot is placed in map m60_48_38 (lot-id map convention) which belongs to AP region 'Caelid' [annotation says: in raised ruin] || flag ALREADY CLAIMED by ap_id=7004360 (, method=treasure) -> phantom row duplicates an existing AP location; fix = DELETE the phantom row || NOTE: phantom(s) 180470 resolve to this same real flag (one game flag cannot back two AP locations)"
180460	Golden Rune [4]	CL/(SSR): Golden Rune [4] - in SW Ruin	AMBIGUOUS		EVERY candidate real flag is ALREADY claimed by another AP location, so whichever one this phantom means, the check already exists -> the phantom row is redundant and DELETE is safe even though the exact counterpart is not pinned. 9 candidates [1045397000,1048377030,1048387000,1049387080,30147040,31217080,31217110,31217160,32087100]; unclaimed=[none]. 1045397000: ItemLotParam_map ID=1045390000 grants 'Golden Rune [4]', slot getItemFlagId=1045397000; lot is placed in map m60_45_39 (lot-id map convention) which belongs to AP region 'Caelid' [annotation says: in SW Ruin] ;; 1048377030: ItemLotParam_map ID=1048370030 grants 'Golden Rune [4]', slot getItemFlagId=1048377030; lot is placed in map m60_48_37 (msb_flag_region) which belongs to AP region 'Caelid' [annotation says: in SW Ruin] ;; 1048387000: ItemLotParam_map ID=1048380000 grants 'Golden Rune [4]', slot getItemFlagId=1048387000; lot is placed in map m60_48_38 (msb_flag_region) which belongs to AP region 'Caelid' [annotation says: in SW Ruin] ;; 1049387080: ItemLotParam_map ID=1049380080 grants 'Golden Rune [4]', slot getItemFlagId=1049387080; lot is placed in map m60_49_38 (lot-id map convention) which belongs to AP region 'Caelid' [annotation says: in SW Ruin] ;; 30147040: ItemLotParam_map ID=30140040 grants 'Golden Rune [4]', slot getItemFlagId=30147040; lot is placed in map m30_14 (lot-id map convention) which belongs to AP region 'Caelid' [annotation says: in SW Ruin] ;; 31217080: ItemLotParam_map ID=31210080 grants 'Golden Rune [4]', slot getItemFlagId=31217080; lot is placed in map m31_21 (msb_flag_region) which belongs to AP region 'Caelid' [annotation says: in SW Ruin] ;; 31217110: ItemLotParam_map ID=31210110 grants 'Golden Rune [4]', slot getItemFlagId=31217110; lot is placed in map m31_21 (msb_flag_region) which belongs to AP region 'Caelid' [annotation says: in SW Ruin] ;; 31217160: ItemLotParam_map ID=31210160 grants 'Golden Rune [4]', slot getItemFlagId=31217160; lot is placed in map m31_21 (msb_flag_region) which belongs to AP region 'Caelid' [annotation says: in SW Ruin] ;; 32087100: ItemLotParam_map ID=32080100 grants 'Golden Rune [4]', slot getItemFlagId=32087100; lot is placed in map m32_08 (msb_flag_region) which belongs to AP region 'Caelid' [annotation says: in SW Ruin]
180470	Perfumer's Traveling Garb	CL/(SSR): Perfumer's Traveling Garb - in raised ruin	DUPLICATE	1048387010	"ItemLotParam_map ID=1048380012 grants ""Perfumer's Traveling Garb"", slot getItemFlagId=1048387010; lot is placed in map m60_48_38 (lot-id map convention) which belongs to AP region 'Caelid' [annotation says: in raised ruin] || flag ALREADY CLAIMED by ap_id=7004360 (, method=treasure) -> phantom row duplicates an existing AP location; fix = DELETE the phantom row || NOTE: phantom(s) 180270 resolve to this same real flag (one game flag cannot back two AP locations)"
180790	Ghost Glovewort [9]	CS/(OLT): Ghost Glovewort [9] - enemy drop in evergaol, under stairs to haligtree seal	AMBIGUOUS		EVERY candidate real flag is ALREADY claimed by another AP location, so whichever one this phantom means, the check already exists -> the phantom row is redundant and DELETE is safe even though the exact counterpart is not pinned. 4 candidates [1048577900,1048577910,1048577920,1048577930]; unclaimed=[none]. 1048577900: ItemLotParam_map ID=1048570900 grants 'Ghost Glovewort [9]', slot getItemFlagId=1048577900; lot is placed in map m60_48_57 (lot-id map convention) which belongs to AP region 'Mountaintops of the Giants' [annotation says: enemy drop in evergaol, under stairs to haligtree seal] ;; 1048577910: ItemLotParam_map ID=1048570910 grants 'Ghost Glovewort [9]', slot getItemFlagId=1048577910; lot is placed in map m60_48_57 (lot-id map convention) which belongs to AP region 'Mountaintops of the Giants' [annotation says: enemy drop in evergaol, under stairs to haligtree seal] ;; 1048577920: ItemLotParam_map ID=1048570920 grants 'Ghost Glovewort [9]', slot getItemFlagId=1048577920; lot is placed in map m60_48_57 (lot-id map convention) which belongs to AP region 'Mountaintops of the Giants' [annotation says: enemy drop in evergaol, under stairs to haligtree seal] ;; 1048577930: ItemLotParam_map ID=1048570930 grants 'Ghost Glovewort [9]', slot getItemFlagId=1048577930; lot is placed in map m60_48_57 (lot-id map convention) which belongs to AP region 'Mountaintops of the Giants' [annotation says: enemy drop in evergaol, under stairs to haligtree seal]
180810	Rotten Duelist Greaves	CS/OLT: Rotten Duelist Greaves - enemy drop NW of OLT	DUPLICATE	1048577990	ItemLotParam_enemy ID=340052100 grants 'Rotten Duelist Greaves', slot getItemFlagId=1048577990; lot is placed in map m60_48_57 (msb_flag_region) which belongs to AP region 'Mountaintops of the Giants' [annotation says: enemy drop NW of OLT] || flag ALREADY CLAIMED by ap_id=7004413 (Rotten Duelist Greaves, method=global) -> phantom row duplicates an existing AP location; fix = DELETE the phantom row || NOTE: phantom(s) 180940 resolve to this same real flag (one game flag cannot back two AP locations)
180940	Rotten Greataxe	CS/OLT: Rotten Greataxe - enemy drop NW of OLT	DUPLICATE	1048577990	ItemLotParam_enemy ID=340052101 is the ONLY lot in the entire game that grants 'Rotten Greataxe' (slot getItemFlagId=1048577990, map=unbound(event/enemy lot)) -> placement proven by global uniqueness; note the phantom is filed under AP region 'Mountaintops of the Giants' while the real check's map resolves to 'unknown' || flag ALREADY CLAIMED by ap_id=7004413 (Rotten Duelist Greaves, method=global) -> phantom row duplicates an existing AP location; fix = DELETE the phantom row || NOTE: phantom(s) 180810 resolve to this same real flag (one game flag cannot back two AP locations)
190290	Somber Smithing Stone [7]	NS/NEC: Somber Smithing Stone [7] - to W, on corpse overlooking AR boss arena	AMBIGUOUS		EVERY candidate real flag is ALREADY claimed by another AP location, so whichever one this phantom means, the check already exists -> the phantom row is redundant and DELETE is safe even though the exact counterpart is not pinned. 11 candidates [12017380,12017700,12017780,12017890,12017940,12017995,12037230,12037240,12037250,12037330,12037530]; unclaimed=[none]. 12017380: ItemLotParam_map ID=12010380 grants 'Somber Smithing Stone [7]', slot getItemFlagId=12017380; lot is placed in map m12_01 (msb_flag_region) which belongs to AP region 'Eternal Cities' [annotation says: to W, on corpse overlooking AR boss arena] ;; 12017700: ItemLotParam_map ID=12010700 grants 'Somber Smithing Stone [7]', slot getItemFlagId=12017700; lot is placed in map m12_01 (msb_flag_region) which belongs to AP region 'Eternal Cities' [annotation says: to W, on corpse overlooking AR boss arena] ;; 12017780: ItemLotParam_map ID=12010780 grants 'Somber Smithing Stone [7]', slot getItemFlagId=12017780; lot is placed in map m12_01 (msb_flag_region) which belongs to AP region 'Eternal Cities' [annotation says: to W, on corpse overlooking AR boss arena] ;; 12017890: ItemLotParam_map ID=12010890 grants 'Somber Smithing Stone [7]', slot getItemFlagId=12017890; lot is placed in map m12_01 (msb_flag_region) which belongs to AP region 'Eternal Cities' [annotation says: to W, on corpse overlooking AR boss arena] ;; 12017940: ItemLotParam_map ID=12010940 grants 'Somber Smithing Stone [7]', slot getItemFlagId=12017940; lot is placed in map m12_01 (msb_flag_region) which belongs to AP region 'Eternal Cities' [annotation says: to W, on corpse overlooking AR boss arena] ;; 12017995: ItemLotParam_map ID=12015995 grants 'Somber Smithing Stone [7]', slot getItemFlagId=12017995; lot is placed in map m12_01 (msb_flag_region) which belongs to AP region 'Eternal Cities' [annotation says: to W, on corpse overlooking AR boss arena] ;; 12037230: ItemLotParam_map ID=12030230 grants 'Somber Smithing Stone [7]', slot getItemFlagId=12037230; lot is placed in map m12_03 (msb_flag_region) which belongs to AP region 'Eternal Cities' [annotation says: to W, on corpse overlooking AR boss arena] ;; 12037240: ItemLotParam_map ID=12030240 grants 'Somber Smithing Stone [7]', slot getItemFlagId=12037240; lot is placed in map m12_03 (msb_flag_region) which belongs to AP region 'Eternal Cities' [annotation says: to W, on corpse overlooking AR boss arena] ;; 12037250: ItemLotParam_map ID=12030250 grants 'Somber Smithing Stone [7]', slot getItemFlagId=12037250; lot is placed in map m12_03 (msb_flag_region) which belongs to AP region 'Eternal Cities' [annotation says: to W, on corpse overlooking AR boss arena] ;; 12037330: ItemLotParam_map ID=12030330 grants 'Somber Smithing Stone [7]', slot getItemFlagId=12037330; lot is placed in map m12_03 (msb_flag_region) which belongs to AP region 'Eternal Cities' [annotation says: to W, on corpse overlooking AR boss arena] ;; 12037530: ItemLotParam_map ID=12030530 grants 'Somber Smithing Stone [7]', slot getItemFlagId=12037530; lot is placed in map m12_03 (msb_flag_region) which belongs to AP region 'Eternal Cities' [annotation says: to W, on corpse overlooking AR boss arena]
190300	Celestial Dew	NS/NEC: Celestial Dew - in structure far SW end of NS	AMBIGUOUS		EVERY candidate real flag is ALREADY claimed by another AP location, so whichever one this phantom means, the check already exists -> the phantom row is redundant and DELETE is safe even though the exact counterpart is not pinned. 6 candidates [12017350,12017770,12017790,12027730,12027870,12027920]; unclaimed=[none]. 12017350: ItemLotParam_map ID=12010350 grants 'Celestial Dew', slot getItemFlagId=12017350; lot is placed in map m12_01 (msb_flag_region) which belongs to AP region 'Eternal Cities' [annotation says: in structure far SW end of NS] ;; 12017770: ItemLotParam_map ID=12010770 grants 'Celestial Dew', slot getItemFlagId=12017770; lot is placed in map m12_01 (msb_flag_region) which belongs to AP region 'Eternal Cities' [annotation says: in structure far SW end of NS] ;; 12017790: ItemLotParam_map ID=12010790 grants 'Celestial Dew', slot getItemFlagId=12017790; lot is placed in map m12_01 (msb_flag_region) which belongs to AP region 'Eternal Cities' [annotation says: in structure far SW end of NS] ;; 12027730: ItemLotParam_map ID=12020730 grants 'Celestial Dew', slot getItemFlagId=12027730; lot is placed in map m12_02 (msb_flag_region) which belongs to AP region 'Eternal Cities' [annotation says: in structure far SW end of NS] ;; 12027870: ItemLotParam_map ID=12020870 grants 'Celestial Dew', slot getItemFlagId=12027870; lot is placed in map m12_02 (msb_flag_region) which belongs to AP region 'Eternal Cities' [annotation says: in structure far SW end of NS] ;; 12027920: ItemLotParam_map ID=12020920 grants 'Celestial Dew', slot getItemFlagId=12027920; lot is placed in map m12_02 (msb_flag_region) which belongs to AP region 'Eternal Cities' [annotation says: in structure far SW end of NS]
190540	Scepter of the All-Knowing	LAC/LCA: Scepter of the All-Knowing - boss drop	UNRECOVERABLE		item name 'Scepter of the All-Knowing' not resolvable via ITEM_CATALOG
190550	All-Knowing Helm	LAC/LCA: All-Knowing Helm - boss drop	UNRECOVERABLE		AP region '?' has no known map scope - refusing to guess a placement
250540	Blue Cipher Ring	RH: Blue Cipher Ring - Twin maiden shop	DUPLICATE	60290	ShopLineupParam ID=101801 equipId=105 equipType=3 eventFlag_forStock=60290; merchant block 101800-101899 stocks 3/3 of this merchant's phantom items || flag ALREADY CLAIMED by ap_id=7000037 (Blue Cipher Ring, method=shop_merchant) -> phantom row duplicates an existing AP location; fix = DELETE the phantom row
280060	Knight Greaves	RH: Knight Greaves - Twin maiden shop	DUPLICATE	250480	ShopLineupParam ID=101877 equipId=1500300 equipType=1 eventFlag_forStock=250480; merchant block 101800-101899 stocks 3/3 of this merchant's phantom items || flag ALREADY CLAIMED by ap_id=7000688 (Knight Greaves, method=shop_merchant) -> phantom row duplicates an existing AP location; fix = DELETE the phantom row
280590	Furled Finger's Trick-Mirror	RH: Furled Finger's Trick-Mirror - Twin maiden shop	DUPLICATE	250330	ShopLineupParam ID=101862 equipId=6080 equipType=2 eventFlag_forStock=250330; merchant block 101800-101899 stocks 3/3 of this merchant's phantom items || flag ALREADY CLAIMED by ap_id=7000673 (Furled Finger's Trick-Mirror, method=shop_merchant) -> phantom row duplicates an existing AP location; fix = DELETE the phantom row
400122	Rellana's Gloves	RH: Rellana's Gloves - Enia shop, defeat CE/CLC mainboss	DUPLICATE	250640	ShopLineupParam ID=101564 equipId=5260200 equipType=1 eventFlag_forStock=250640; merchant block 101500-101599 stocks 2/2 of this merchant's phantom items || flag ALREADY CLAIMED by ap_id=7000703 (Rellana's Gloves, method=shop_merchant) -> phantom row duplicates an existing AP location; fix = DELETE the phantom row
400286	Rellana's Greaves	RH: Rellana's Greaves - Enia shop, defeat CE/CLC mainboss	DUPLICATE	250650	ShopLineupParam ID=101565 equipId=5260300 equipType=1 eventFlag_forStock=250650; merchant block 101500-101599 stocks 2/2 of this merchant's phantom items || flag ALREADY CLAIMED by ap_id=7000704 (Rellana's Greaves, method=shop_merchant) -> phantom row duplicates an existing AP location; fix = DELETE the phantom row
400396	Missionary's Cookbook [1]	LG/(CE): Missionary's Cookbook [1] - Kalé Shop	DUPLICATE	67610	ShopLineupParam ID=100504 equipId=9361 equipType=3 eventFlag_forStock=67610; merchant block 100500-100599 stocks 7/7 of this merchant's phantom items || flag ALREADY CLAIMED by ap_id=7000202 (Missionary's Cookbook [1], method=shop_merchant) -> phantom row duplicates an existing AP location; fix = DELETE the phantom row
1032500030	Smithing Stone [6]	SA/FR: Smithing Stone [6] x8 - in chest to SE inside, in center room below, inside cage	AMBIGUOUS		EVERY candidate real flag is ALREADY claimed by another AP location, so whichever one this phantom means, the check already exists -> the phantom row is redundant and DELETE is safe even though the exact counterpart is not pinned. 2 candidates [2049437500,2050437220]; unclaimed=[none]. 2049437500: ItemLotParam_map ID=2049430500 grants 'Smithing Stone [6]', slot getItemFlagId=2049437500; lot is placed in map m61_49 (msb_flag_region) which belongs to AP region 'Scadu Altus' [annotation says: in chest to SE inside, in center room below, inside cage] ;; 2050437220: ItemLotParam_map ID=2050430220 grants 'Smithing Stone [6]', slot getItemFlagId=2050437220; lot is placed in map m61_50 (msb_flag_region) which belongs to AP region 'Scadu Altus' [annotation says: in chest to SE inside, in center room below, inside cage]
1042377111	Smithing Stone [1]	LG/DBR: Smithing Stone [1] - W of DBR	AMBIGUOUS		EVERY candidate real flag is ALREADY claimed by another AP location, so whichever one this phantom means, the check already exists -> the phantom row is redundant and DELETE is safe even though the exact counterpart is not pinned. 12 candidates [1040387000,1041387030,1042367050,1042367060,1042387600,1043377000,1043387010,1043397020,1044387010,1046367000,31177030,32017000]; unclaimed=[none]. 1040387000: ItemLotParam_map ID=1040380000 grants 'Smithing Stone [1]', slot getItemFlagId=1040387000; lot is placed in map m60_40_38 (msb_flag_region) which belongs to AP region 'Limgrave' [annotation says: W of DBR] ;; 1041387030: ItemLotParam_map ID=1041380030 grants 'Smithing Stone [1]', slot getItemFlagId=1041387030; lot is placed in map m60_41_38 (lot-id map convention) which belongs to AP region 'Limgrave' [annotation says: W of DBR] ;; 1042367050: ItemLotParam_map ID=1042360050 grants 'Smithing Stone [1]', slot getItemFlagId=1042367050; lot is placed in map m60_42_36 (msb_flag_region) which belongs to AP region 'Limgrave' [annotation says: W of DBR] ;; 1042367060: ItemLotParam_map ID=1042360060 grants 'Smithing Stone [1]', slot getItemFlagId=1042367060; lot is placed in map m60_42_36 (msb_flag_region) which belongs to AP region 'Limgrave' [annotation says: W of DBR] ;; 1042387600: ItemLotParam_map ID=1042380600 grants 'Smithing Stone [1]', slot getItemFlagId=1042387600; lot is placed in map m60_42_38 (msb_flag_region) which belongs to AP region 'Limgrave' [annotation says: W of DBR] ;; 1043377000: ItemLotParam_map ID=1043370000 grants 'Smithing Stone [1]', slot getItemFlagId=1043377000; lot is placed in map m60_43_37 (lot-id map convention) which belongs to AP region 'Limgrave' [annotation says: W of DBR] ;; 1043387010: ItemLotParam_map ID=1043380010 grants 'Smithing Stone [1]', slot getItemFlagId=1043387010; lot is placed in map m60_43_38 (msb_flag_region) which belongs to AP region 'Limgrave' [annotation says: W of DBR] ;; 1043397020: ItemLotParam_map ID=1043390020 grants 'Smithing Stone [1]', slot getItemFlagId=1043397020; lot is placed in map m60_43_39 (lot-id map convention) which belongs to AP region 'Limgrave' [annotation says: W of DBR] ;; 1044387010: ItemLotParam_map ID=1044380010 grants 'Smithing Stone [1]', slot getItemFlagId=1044387010; lot is placed in map m60_44_38 (msb_flag_region) which belongs to AP region 'Limgrave' [annotation says: W of DBR] ;; 1046367000: ItemLotParam_map ID=1046360000 grants 'Smithing Stone [1]', slot getItemFlagId=1046367000; lot is placed in map m60_46_36 (msb_flag_region) which belongs to AP region 'Limgrave' [annotation says: W of DBR] ;; 31177030: ItemLotParam_map ID=31170030 grants 'Smithing Stone [1]', slot getItemFlagId=31177030; lot is placed in map m31_17 (msb_flag_region) which belongs to AP region 'Limgrave' [annotation says: W of DBR] ;; 32017000: ItemLotParam_map ID=32010000 grants 'Smithing Stone [1]', slot getItemFlagId=32017000; lot is placed in map m32_01 (msb_flag_region) which belongs to AP region 'Limgrave' [annotation says: W of DBR]
1046397001	Ash of War: Bloody Slash	LG/(FH): Ash of War: Bloody Slash - enemy drop upper area	DUPLICATE	1046367700	ItemLotParam_map ID=1046360700 grants 'Ash of War: Bloody Slash', slot getItemFlagId=1046367700; lot is placed in map m60_46_36 (msb_flag_region) which belongs to AP region 'Limgrave' [annotation says: enemy drop upper area] || flag ALREADY CLAIMED by ap_id=7004286 (Ash of War: Bloody Slash, method=emevd) -> phantom row duplicates an existing AP location; fix = DELETE the phantom row
