flag,location_name,note
177,FA/TFB: Golden Rune [12] - to SW up right stairs outside,client sets on pickup/purchase (flagless in game data)
110060,"MH/HC: Smithing Stone [8] - from main branch, go S take right fork then SE",client sets on pickup/purchase (flagless in game data)
130310,MA/(LER): Ghost Glovewort [2] - enemy drop middle of ruins,client sets on pickup/purchase (flagless in game data)
130320,MA/(LER): Ghost Glovewort [2] - enemy drop E ruins,client sets on pickup/purchase (flagless in game data)
130790,MA/(LER): Smithing Stone [8] x3 - in chest under illusory floor E ruins,client sets on pickup/purchase (flagless in game data)
150060,LG/SR: Lump of Flesh x3 - lower beach to W,client sets on pickup/purchase (flagless in game data)
150080,LG/(CE): Furlcalling Finger Remedy x5 - Kalé Shop,client sets on pickup/purchase (flagless in game data)
150090,LG/(CE): Note: Flask of Wondrous Physick - Kalé Shop,client sets on pickup/purchase (flagless in game data)
150120,LG/(CE): Note: Waypoint Ruins - Kalé Shop,client sets on pickup/purchase (flagless in game data)
150140,LG/(CE): Nomadic Warrior's Cookbook [1] - Kalé Shop,client sets on pickup/purchase (flagless in game data)
150210,LG/(CE): Telescope - Kalé Shop,client sets on pickup/purchase (flagless in game data)
150220,LG/(CE): Nomadic Warrior's Cookbook [2] - Kalé Shop,client sets on pickup/purchase (flagless in game data)
150480,LG/SB: Bandit Mask - Nomadic Merchant to E,client sets on pickup/purchase (flagless in game data)
150490,LG/SB: Pickled Turtle Neck x3 - Nomadic Merchant to E,client sets on pickup/purchase (flagless in game data)
150500,LG/SB: Note: Flame Chariots - Nomadic Merchant to E,client sets on pickup/purchase (flagless in game data)
150550,LG/ME: St. Trina's Arrow x10 - Nomadic Merchant S of ME,client sets on pickup/purchase (flagless in game data)
150960,LG/CC: Stanching Boluses x3 - Nomadic Merchant SE of CC,client sets on pickup/purchase (flagless in game data)
150970,LG/CC: Stimulating Boluses x2 - Nomadic Merchant SE of CC,client sets on pickup/purchase (flagless in game data)
150980,LG/CC: Note: Stonedigger Trolls - Nomadic Merchant SE of CC,client sets on pickup/purchase (flagless in game data)
160250,WP/WR: Golden Rune [5] - W of WR on beach,client sets on pickup/purchase (flagless in game data)
160260,WP/(WR): Great Dragonfly Head - within ruins,client sets on pickup/purchase (flagless in game data)
160350,LL/RVV: Ash of War: Barbaric Roar - scarab to N,client sets on pickup/purchase (flagless in game data)
160530,"SSG/UR: Fire Grease x5 - to left down ladder, to right up pipe on big platform",client sets on pickup/purchase (flagless in game data)
160770,RLA/SC: Smithing Stone [5] - below cog elevator item 1,client sets on pickup/purchase (flagless in game data)
160960,"RLA/SC: Golden Rune [3] - down cog elevator, to NW item 1",client sets on pickup/purchase (flagless in game data)
160970,"RLA/SC: Avionette Soldier Ashes - down cog elevator, to NW item 2",client sets on pickup/purchase (flagless in game data)
170070,LL/CFT: Crystal Dart x3 - SW under CFT,client sets on pickup/purchase (flagless in game data)
170080,"RLA/CC: Golden Rune [4] - outside, S after bridge, drop down off ledge, to E in corner",client sets on pickup/purchase (flagless in game data)
170500,LL/(CM): Ritual Pot - Pidia shop,client sets on pickup/purchase (flagless in game data)
170540,LL/(CM): Glintstone Craftsman's Cookbook [7] - Pidia shop,client sets on pickup/purchase (flagless in game data)
170550,TSC/SCIG: Ghost Glovewort [4] - enemy drop to E middle courtyard,client sets on pickup/purchase (flagless in game data)
170560,"TSC/SCR: Ghost Glovewort [4] - enemy drop SW inner swamp, N end behind tree",client sets on pickup/purchase (flagless in game data)
170570,TSC/SCIG: Rot Grease x3 - to E middle courtyard,client sets on pickup/purchase (flagless in game data)
180270,CL/(SSR): Traveler's Hat - in raised ruin,client sets on pickup/purchase (flagless in game data)
180460,CL/(SSR): Golden Rune [4] - in SW Ruin,client sets on pickup/purchase (flagless in game data)
180470,CL/(SSR): Perfumer's Traveling Garb - in raised ruin,client sets on pickup/purchase (flagless in game data)
180790,"CS/(OLT): Ghost Glovewort [9] - enemy drop in evergaol, under stairs to haligtree seal",client sets on pickup/purchase (flagless in game data)
180810,CS/OLT: Rotten Duelist Greaves - enemy drop NW of OLT,client sets on pickup/purchase (flagless in game data)
180940,CS/OLT: Rotten Greataxe - enemy drop NW of OLT,client sets on pickup/purchase (flagless in game data)
190290,"NS/NEC: Somber Smithing Stone [7] - to W, on corpse overlooking AR boss arena",client sets on pickup/purchase (flagless in game data)
190300,NS/NEC: Celestial Dew - in structure far SW end of NS,client sets on pickup/purchase (flagless in game data)
190540,LAC/LCA: Scepter of the All-Knowing - boss drop,client sets on pickup/purchase (flagless in game data)
190550,LAC/LCA: All-Knowing Helm - boss drop,client sets on pickup/purchase (flagless in game data)
250540,RH: Blue Cipher Ring - Twin maiden shop,client sets on pickup/purchase (flagless in game data)
280060,RH: Knight Greaves - Twin maiden shop,client sets on pickup/purchase (flagless in game data)
280590,RH: Furled Finger's Trick-Mirror - Twin maiden shop,client sets on pickup/purchase (flagless in game data)
320820,GP/PT: Forager Brood Cookbook [2] - given by friendly Kindred of Rot E of PT,client sets on pickup/purchase (flagless in game data)
400122,"RH: Rellana's Gloves - Enia shop, defeat CE/CLC mainboss",client sets on pickup/purchase (flagless in game data)
400286,"RH: Rellana's Greaves - Enia shop, defeat CE/CLC mainboss",client sets on pickup/purchase (flagless in game data)
400396,LG/(CE): Missionary's Cookbook [1] - Kalé Shop,client sets on pickup/purchase (flagless in game data)
1032500030,"SA/FR: Smithing Stone [6] x8 - in chest to SE inside, in center room below, inside cage",client sets on pickup/purchase (flagless in game data)
1038457500,LL/GTB: Smithing Stone [2] x3 - to S in gazebo E of HLT,client sets on pickup/purchase (flagless in game data)
1042377111,LG/DBR: Smithing Stone [1] - W of DBR,client sets on pickup/purchase (flagless in game data)
1046397001,LG/(FH): Ash of War: Bloody Slash - enemy drop upper area,client sets on pickup/purchase (flagless in game data)
